,Year,Year ending,Police Region,Suburb,Incidents Recorded,"Rate per 100,000 population"
0,2020,March,1 North West Metro, Banyule,"7,287 ","5,504.9 "
1,2020,March,1 North West Metro, Brimbank,"15,506 ","7,376.8 "
2,2020,March,1 North West Metro, Darebin,"11,909 ","7,182.7 "
3,2020,March,1 North West Metro, Hobsons Bay,"4,908 ","4,977.9 "
4,2020,March,1 North West Metro, Hume,"15,933 ","6,599.8 "
5,2020,March,1 North West Metro, Maribyrnong,"7,319 ","7,652.1 "
6,2020,March,1 North West Metro, Melbourne,"26,941 ","14,368.5 "
7,2020,March,1 North West Metro, Melton,"9,341 ","5,431.1 "
8,2020,March,1 North West Metro, Moonee Valley,"6,727 ","5,094.5 "
9,2020,March,1 North West Metro, Moreland,"11,132 ","5,899.1 "
10,2020,March,1 North West Metro, Nillumbik,"1,690 ","2,593.1 "
11,2020,March,1 North West Metro, Whittlesea,"12,276 ","5,180.5 "
12,2020,March,1 North West Metro, Wyndham,"13,898 ","4,902.8 "
13,2020,March,1 North West Metro, Yarra,"11,452 ","11,102.7 "
14,2020,March,1 North West Metro,Total,"156,319 ","6,758.2 "
15,2020,March,2 Eastern, Alpine,438 ,"3,406.4 "
16,2020,March,2 Eastern, Bass Coast,"1,793 ","4,836.9 "
17,2020,March,2 Eastern, Baw Baw,"3,598 ","6,581.1 "
18,2020,March,2 Eastern, Benalla,940 ,"6,679.7 "
19,2020,March,2 Eastern, Boroondara,"6,523 ","3,537.1 "
20,2020,March,2 Eastern, East Gippsland,"3,657 ","7,653.0 "
21,2020,March,2 Eastern, Greater Shepparton,"6,398 ","9,567.7 "
22,2020,March,2 Eastern, Indigo,432 ,"2,566.4 "
23,2020,March,2 Eastern, Knox,"8,895 ","5,382.2 "
24,2020,March,2 Eastern, Latrobe,"10,099 ","13,303.8 "
25,2020,March,2 Eastern, Manningham,"3,746 ","2,911.2 "
26,2020,March,2 Eastern, Mansfield,338 ,"3,636.9 "
27,2020,March,2 Eastern, Maroondah,"5,935 ","4,958.5 "
28,2020,March,2 Eastern, Mitchell,"3,132 ","6,534.9 "
29,2020,March,2 Eastern, Moira,"1,844 ","6,144.8 "
30,2020,March,2 Eastern, Monash,"9,596 ","4,714.6 "
31,2020,March,2 Eastern, Murrindindi,601 ,"4,080.3 "
32,2020,March,2 Eastern, South Gippsland,"1,367 ","4,538.5 "
33,2020,March,2 Eastern, Strathbogie,476 ,"4,374.9 "
34,2020,March,2 Eastern, Towong,156 ,"2,578.4 "
35,2020,March,2 Eastern, Wangaratta,"1,754 ","5,974.3 "
36,2020,March,2 Eastern, Wellington,"3,390 ","7,602.1 "
37,2020,March,2 Eastern, Whitehorse,"7,380 ","4,103.1 "
38,2020,March,2 Eastern, Wodonga,"2,842 ","6,617.5 "
39,2020,March,2 Eastern, Yarra Ranges,"6,209 ","3,870.8 "
40,2020,March,2 Eastern,Total,"91,539 ","5,279.5 "
41,2020,March,3 Southern Metro, Bayside,"4,205 ","3,904.3 "
42,2020,March,3 Southern Metro, Cardinia,"5,313 ","4,534.2 "
43,2020,March,3 Southern Metro, Casey,"17,338 ","4,747.6 "
44,2020,March,3 Southern Metro, Frankston,"11,121 ","7,736.2 "
45,2020,March,3 Southern Metro, Glen Eira,"6,113 ","3,883.9 "
46,2020,March,3 Southern Metro, Greater Dandenong,"14,744 ","8,673.9 "
47,2020,March,3 Southern Metro, Kingston,"9,052 ","5,420.3 "
48,2020,March,3 Southern Metro, Mornington Peninsula,"8,643 ","5,109.8 "
49,2020,March,3 Southern Metro, Port Phillip,"10,004 ","8,498.1 "
50,2020,March,3 Southern Metro, Stonnington,"9,487 ","7,978.3 "
51,2020,March,3 Southern Metro,Total,"96,020 ","5,876.5 "
52,2020,March,4 Western, Ararat,898 ,"7,570.6 "
53,2020,March,4 Western, Ballarat,"8,732 ","7,833.3 "
54,2020,March,4 Western, Buloke,254 ,"4,174.8 "
55,2020,March,4 Western, Campaspe,"2,801 ","7,442.3 "
56,2020,March,4 Western, Central Goldfields,867 ,"6,555.0 "
57,2020,March,4 Western, Colac-Otway,"1,285 ","5,951.5 "
58,2020,March,4 Western, Corangamite,551 ,"3,460.7 "
59,2020,March,4 Western, Gannawarra,607 ,"5,807.4 "
60,2020,March,4 Western, Glenelg,"1,171 ","5,964.8 "
61,2020,March,4 Western, Golden Plains,472 ,"1,947.3 "
62,2020,March,4 Western, Greater Bendigo,"8,337 ","6,948.1 "
63,2020,March,4 Western, Greater Geelong,"17,045 ","6,437.8 "
64,2020,March,4 Western, Hepburn,739 ,"4,599.8 "
65,2020,March,4 Western, Hindmarsh,248 ,"4,483.7 "
66,2020,March,4 Western, Horsham,"1,360 ","6,823.7 "
67,2020,March,4 Western, Loddon,367 ,"4,899.6 "
68,2020,March,4 Western, Macedon Ranges,"1,725 ","3,379.8 "
69,2020,March,4 Western, Mildura,"5,581 ","9,964.7 "
70,2020,March,4 Western, Moorabool,"1,644 ","4,569.7 "
71,2020,March,4 Western, Mount Alexander,894 ,"4,488.6 "
72,2020,March,4 Western, Moyne,509 ,"2,986.3 "
73,2020,March,4 Western, Northern Grampians,735 ,"6,488.5 "
74,2020,March,4 Western, Pyrenees,350 ,"4,679.6 "
75,2020,March,4 Western, Queenscliffe,101 ,"3,419.9 "
76,2020,March,4 Western, Southern Grampians,890 ,"5,534.6 "
77,2020,March,4 Western, Surf Coast,"1,046 ","3,051.0 "
78,2020,March,4 Western, Swan Hill,"1,775 ","8,622.7 "
79,2020,March,4 Western, Warrnambool,"2,477 ","7,000.3 "
80,2020,March,4 Western, West Wimmera,141 ,"3,710.1 "
81,2020,March,4 Western, Yarriambiack,324 ,"4,917.5 "
82,2020,March,4 Western,Total,"63,926 ","6,240.6 "
83,2020,March,Justice Institutions and Immigration Facilities, Justice Institutions and Immigration Facilities,"1,380 ",
84,2020,March,Justice Institutions and Immigration Facilities,Total,"1,380 ",
85,2020,March,Unincorporated Vic, Unincorporated Vic,110 ,
86,2020,March,Unincorporated Vic,Total,110 ,
87,2019,March,1 North West Metro, Banyule,"7,014 ","5,328.5 "
88,2019,March,1 North West Metro, Brimbank,"14,673 ","7,003.0 "
89,2019,March,1 North West Metro, Darebin,"11,248 ","6,850.9 "
90,2019,March,1 North West Metro, Hobsons Bay,"4,849 ","4,960.6 "
91,2019,March,1 North West Metro, Hume,"15,596 ","6,680.1 "
92,2019,March,1 North West Metro, Maribyrnong,"6,672 ","7,139.8 "
93,2019,March,1 North West Metro, Melbourne,"26,575 ","14,850.1 "
94,2019,March,1 North West Metro, Melton,"8,326 ","5,049.3 "
95,2019,March,1 North West Metro, Moonee Valley,"6,487 ","4,978.7 "
96,2019,March,1 North West Metro, Moreland,"11,408 ","6,141.0 "
97,2019,March,1 North West Metro, Nillumbik,"1,626 ","2,497.9 "
98,2019,March,1 North West Metro, Whittlesea,"11,912 ","5,173.8 "
99,2019,March,1 North West Metro, Wyndham,"11,464 ","4,238.3 "
100,2019,March,1 North West Metro, Yarra,"11,183 ","11,018.3 "
101,2019,March,1 North West Metro,Total,"149,033 ","6,602.5 "
102,2019,March,2 Eastern, Alpine,399 ,"3,113.8 "
103,2019,March,2 Eastern, Bass Coast,"1,784 ","4,911.9 "
104,2019,March,2 Eastern, Baw Baw,"3,181 ","5,957.4 "
105,2019,March,2 Eastern, Benalla,878 ,"6,254.9 "
106,2019,March,2 Eastern, Boroondara,"5,564 ","3,037.1 "
107,2019,March,2 Eastern, East Gippsland,"3,198 ","6,758.8 "
108,2019,March,2 Eastern, Greater Shepparton,"6,230 ","9,368.7 "
109,2019,March,2 Eastern, Indigo,371 ,"2,221.4 "
110,2019,March,2 Eastern, Knox,"8,094 ","4,919.2 "
111,2019,March,2 Eastern, Latrobe,"9,942 ","13,157.6 "
112,2019,March,2 Eastern, Manningham,"3,412 ","2,674.5 "
113,2019,March,2 Eastern, Mansfield,321 ,"3,498.3 "
114,2019,March,2 Eastern, Maroondah,"6,035 ","5,090.3 "
115,2019,March,2 Eastern, Mitchell,"3,035 ","6,586.1 "
116,2019,March,2 Eastern, Moira,"1,682 ","5,620.7 "
117,2019,March,2 Eastern, Monash,"8,034 ","3,960.6 "
118,2019,March,2 Eastern, Murrindindi,593 ,"4,070.0 "
119,2019,March,2 Eastern, South Gippsland,996 ,"3,329.5 "
120,2019,March,2 Eastern, Strathbogie,448 ,"4,155.5 "
121,2019,March,2 Eastern, Towong,173 ,"2,864.2 "
122,2019,March,2 Eastern, Wangaratta,"1,639 ","5,615.5 "
123,2019,March,2 Eastern, Wellington,"2,923 ","6,586.3 "
124,2019,March,2 Eastern, Whitehorse,"6,369 ","3,563.3 "
125,2019,March,2 Eastern, Wodonga,"2,421 ","5,752.9 "
126,2019,March,2 Eastern, Yarra Ranges,"5,768 ","3,617.2 "
127,2019,March,2 Eastern,Total,"83,490 ","4,854.9 "
128,2019,March,3 Southern Metro, Bayside,"3,605 ","3,373.5 "
129,2019,March,3 Southern Metro, Cardinia,"4,612 ","4,112.0 "
130,2019,March,3 Southern Metro, Casey,"16,309 ","4,608.7 "
131,2019,March,3 Southern Metro, Frankston,"11,157 ","7,821.6 "
132,2019,March,3 Southern Metro, Glen Eira,"4,896 ","3,128.2 "
133,2019,March,3 Southern Metro, Greater Dandenong,"14,201 ","8,442.9 "
134,2019,March,3 Southern Metro, Kingston,"8,609 ","5,193.0 "
135,2019,March,3 Southern Metro, Mornington Peninsula,"8,162 ","4,868.9 "
136,2019,March,3 Southern Metro, Port Phillip,"9,683 ","8,376.2 "
137,2019,March,3 Southern Metro, Stonnington,"8,170 ","6,937.4 "
138,2019,March,3 Southern Metro,Total,"89,404 ","5,563.3 "
139,2019,March,4 Western, Ararat,911 ,"7,691.0 "
140,2019,March,4 Western, Ballarat,"8,132 ","7,426.1 "
141,2019,March,4 Western, Buloke,214 ,"3,494.4 "
142,2019,March,4 Western, Campaspe,"2,920 ","7,761.4 "
143,2019,March,4 Western, Central Goldfields,917 ,"6,954.3 "
144,2019,March,4 Western, Colac-Otway,"1,321 ","6,126.0 "
145,2019,March,4 Western, Corangamite,487 ,"3,040.0 "
146,2019,March,4 Western, Gannawarra,582 ,"5,557.7 "
147,2019,March,4 Western, Glenelg,956 ,"4,859.2 "
148,2019,March,4 Western, Golden Plains,510 ,"2,149.9 "
149,2019,March,4 Western, Greater Bendigo,"8,096 ","6,855.6 "
150,2019,March,4 Western, Greater Geelong,"15,791 ","6,098.5 "
151,2019,March,4 Western, Hepburn,619 ,"3,874.8 "
152,2019,March,4 Western, Hindmarsh,251 ,"4,491.8 "
153,2019,March,4 Western, Horsham,"1,437 ","7,213.5 "
154,2019,March,4 Western, Loddon,386 ,"5,143.9 "
155,2019,March,4 Western, Macedon Ranges,"1,784 ","3,551.6 "
156,2019,March,4 Western, Mildura,"5,497 ","9,855.3 "
157,2019,March,4 Western, Moorabool,"1,633 ","4,659.2 "
158,2019,March,4 Western, Mount Alexander,751 ,"3,801.8 "
159,2019,March,4 Western, Moyne,459 ,"2,707.5 "
160,2019,March,4 Western, Northern Grampians,762 ,"6,683.0 "
161,2019,March,4 Western, Pyrenees,419 ,"5,607.6 "
162,2019,March,4 Western, Queenscliffe,118 ,"4,013.6 "
163,2019,March,4 Western, Southern Grampians,"1,109 ","6,888.2 "
164,2019,March,4 Western, Surf Coast,900 ,"2,690.1 "
165,2019,March,4 Western, Swan Hill,"1,869 ","9,051.3 "
166,2019,March,4 Western, Warrnambool,"3,009 ","8,552.9 "
167,2019,March,4 Western, West Wimmera,125 ,"3,254.4 "
168,2019,March,4 Western, Yarriambiack,320 ,"4,820.0 "
169,2019,March,4 Western,Total,"62,285 ","6,159.6 "
170,2019,March,Justice Institutions and Immigration Facilities, Justice Institutions and Immigration Facilities,"1,482 ",
171,2019,March,Justice Institutions and Immigration Facilities,Total,"1,482 ",
172,2019,March,Unincorporated Vic, Unincorporated Vic,95 ,
173,2019,March,Unincorporated Vic,Total,95 ,
174,2018,March,1 North West Metro, Banyule,"7,371 ","5,659.1 "
175,2018,March,1 North West Metro, Brimbank,"13,552 ","6,492.2 "
176,2018,March,1 North West Metro, Darebin,"11,424 ","7,067.0 "
177,2018,March,1 North West Metro, Hobsons Bay,"4,830 ","5,006.2 "
178,2018,March,1 North West Metro, Hume,"15,267 ","6,802.8 "
179,2018,March,1 North West Metro, Maribyrnong,"6,585 ","7,203.6 "
180,2018,March,1 North West Metro, Melbourne,"26,834 ","15,755.3 "
181,2018,March,1 North West Metro, Melton,"7,804 ","4,979.6 "
182,2018,March,1 North West Metro, Moonee Valley,"6,691 ","5,231.2 "
183,2018,March,1 North West Metro, Moreland,"11,022 ","6,063.4 "
184,2018,March,1 North West Metro, Nillumbik,"1,795 ","2,764.0 "
185,2018,March,1 North West Metro, Whittlesea,"11,341 ","5,077.7 "
186,2018,March,1 North West Metro, Wyndham,"10,864 ","4,254.3 "
187,2018,March,1 North West Metro, Yarra,"10,648 ","10,802.8 "
188,2018,March,1 North West Metro,Total,"146,028 ","6,662.1 "
189,2018,March,2 Eastern, Alpine,319 ,"2,505.9 "
190,2018,March,2 Eastern, Bass Coast,"1,799 ","5,092.6 "
191,2018,March,2 Eastern, Baw Baw,"2,929 ","5,631.4 "
192,2018,March,2 Eastern, Benalla,979 ,"6,981.4 "
193,2018,March,2 Eastern, Boroondara,"5,631 ","3,104.6 "
194,2018,March,2 Eastern, East Gippsland,"3,057 ","6,529.8 "
195,2018,March,2 Eastern, Greater Shepparton,"5,980 ","9,059.5 "
196,2018,March,2 Eastern, Indigo,339 ,"2,055.9 "
197,2018,March,2 Eastern, Knox,"8,518 ","5,219.0 "
198,2018,March,2 Eastern, Latrobe,"9,377 ","12,467.9 "
199,2018,March,2 Eastern, Manningham,"3,660 ","2,915.5 "
200,2018,March,2 Eastern, Mansfield,453 ,"5,045.1 "
201,2018,March,2 Eastern, Maroondah,"5,880 ","5,004.0 "
202,2018,March,2 Eastern, Mitchell,"3,041 ","6,864.9 "
203,2018,March,2 Eastern, Moira,"1,504 ","5,047.5 "
204,2018,March,2 Eastern, Monash,"8,299 ","4,145.1 "
205,2018,March,2 Eastern, Murrindindi,532 ,"3,674.5 "
206,2018,March,2 Eastern, South Gippsland,"1,006 ","3,401.5 "
207,2018,March,2 Eastern, Strathbogie,438 ,"4,115.0 "
208,2018,March,2 Eastern, Towong,171 ,"2,824.6 "
209,2018,March,2 Eastern, Wangaratta,"1,799 ","6,185.1 "
210,2018,March,2 Eastern, Wellington,"2,658 ","6,038.6 "
211,2018,March,2 Eastern, Whitehorse,"6,497 ","3,685.8 "
212,2018,March,2 Eastern, Wodonga,"2,370 ","5,720.6 "
213,2018,March,2 Eastern, Yarra Ranges,"5,516 ","3,487.4 "
214,2018,March,2 Eastern,Total,"82,752 ","4,869.9 "
215,2018,March,3 Southern Metro, Bayside,"3,898 ","3,686.2 "
216,2018,March,3 Southern Metro, Cardinia,"4,273 ","3,989.1 "
217,2018,March,3 Southern Metro, Casey,"14,746 ","4,331.4 "
218,2018,March,3 Southern Metro, Frankston,"10,724 ","7,560.3 "
219,2018,March,3 Southern Metro, Glen Eira,"5,233 ","3,399.8 "
220,2018,March,3 Southern Metro, Greater Dandenong,"13,627 ","8,202.1 "
221,2018,March,3 Southern Metro, Kingston,"7,907 ","4,837.5 "
222,2018,March,3 Southern Metro, Mornington Peninsula,"8,520 ","5,138.0 "
223,2018,March,3 Southern Metro, Port Phillip,"9,798 ","8,650.5 "
224,2018,March,3 Southern Metro, Stonnington,"8,007 ","6,885.9 "
225,2018,March,3 Southern Metro,Total,"86,733 ","5,510.2 "
226,2018,March,4 Western, Ararat,884 ,"7,494.7 "
227,2018,March,4 Western, Ballarat,"8,901 ","8,293.6 "
228,2018,March,4 Western, Buloke,168 ,"2,717.1 "
229,2018,March,4 Western, Campaspe,"2,511 ","6,680.0 "
230,2018,March,4 Western, Central Goldfields,907 ,"6,867.1 "
231,2018,March,4 Western, Colac-Otway,"1,242 ","5,776.2 "
232,2018,March,4 Western, Corangamite,621 ,"3,847.8 "
233,2018,March,4 Western, Gannawarra,417 ,"3,954.1 "
234,2018,March,4 Western, Glenelg,"1,196 ","6,082.2 "
235,2018,March,4 Western, Golden Plains,481 ,"2,080.6 "
236,2018,March,4 Western, Greater Bendigo,"7,089 ","6,109.0 "
237,2018,March,4 Western, Greater Geelong,"16,866 ","6,686.8 "
238,2018,March,4 Western, Hepburn,639 ,"4,041.2 "
239,2018,March,4 Western, Hindmarsh,253 ,"4,482.6 "
240,2018,March,4 Western, Horsham,"1,637 ","8,236.9 "
241,2018,March,4 Western, Loddon,317 ,"4,219.4 "
242,2018,March,4 Western, Macedon Ranges,"1,523 ","3,083.8 "
243,2018,March,4 Western, Mildura,"4,823 ","8,687.6 "
244,2018,March,4 Western, Moorabool,"1,823 ","5,337.3 "
245,2018,March,4 Western, Mount Alexander,733 ,"3,756.3 "
246,2018,March,4 Western, Moyne,464 ,"2,747.7 "
247,2018,March,4 Western, Northern Grampians,802 ,"7,016.6 "
248,2018,March,4 Western, Pyrenees,307 ,"4,175.2 "
249,2018,March,4 Western, Queenscliffe,108 ,"3,621.7 "
250,2018,March,4 Western, Southern Grampians,"1,004 ","6,222.9 "
251,2018,March,4 Western, Surf Coast,952 ,"2,951.8 "
252,2018,March,4 Western, Swan Hill,"1,752 ","8,439.3 "
253,2018,March,4 Western, Warrnambool,"2,707 ","7,764.7 "
254,2018,March,4 Western, West Wimmera,114 ,"2,951.8 "
255,2018,March,4 Western, Yarriambiack,358 ,"5,377.0 "
256,2018,March,4 Western,Total,"61,599 ","6,185.0 "
257,2018,March,Justice Institutions and Immigration Facilities, Justice Institutions and Immigration Facilities,"1,474 ",
258,2018,March,Justice Institutions and Immigration Facilities,Total,"1,474 ",
259,2018,March,Unincorporated Vic, Unincorporated Vic,117 ,
260,2018,March,Unincorporated Vic,Total,117 ,
261,2017,March,1 North West Metro, Banyule,"7,447 ","5,767.7 "
262,2017,March,1 North West Metro, Brimbank,"14,672 ","7,088.0 "
263,2017,March,1 North West Metro, Darebin,"13,201 ","8,315.5 "
264,2017,March,1 North West Metro, Hobsons Bay,"5,229 ","5,500.1 "
265,2017,March,1 North West Metro, Hume,"17,031 ","7,912.6 "
266,2017,March,1 North West Metro, Maribyrnong,"7,193 ","8,049.3 "
267,2017,March,1 North West Metro, Melbourne,"28,096 ","17,654.8 "
268,2017,March,1 North West Metro, Melton,"8,968 ","6,034.3 "
269,2017,March,1 North West Metro, Moonee Valley,"7,758 ","6,186.1 "
270,2017,March,1 North West Metro, Moreland,"11,803 ","6,669.3 "
271,2017,March,1 North West Metro, Nillumbik,"2,171 ","3,359.7 "
272,2017,March,1 North West Metro, Whittlesea,"12,871 ","5,967.5 "
273,2017,March,1 North West Metro, Wyndham,"11,967 ","4,964.1 "
274,2017,March,1 North West Metro, Yarra,"11,310 ","11,782.0 "
275,2017,March,1 North West Metro,Total,"159,717 ","7,526.6 "
276,2017,March,2 Eastern, Alpine,280 ,"2,215.5 "
277,2017,March,2 Eastern, Bass Coast,"1,986 ","5,775.6 "
278,2017,March,2 Eastern, Baw Baw,"2,894 ","5,710.8 "
279,2017,March,2 Eastern, Benalla,"1,001 ","7,163.3 "
280,2017,March,2 Eastern, Boroondara,"7,004 ","3,898.1 "
281,2017,March,2 Eastern, East Gippsland,"2,952 ","6,398.5 "
282,2017,March,2 Eastern, Greater Shepparton,"6,307 ","9,621.1 "
283,2017,March,2 Eastern, Indigo,350 ,"2,142.9 "
284,2017,March,2 Eastern, Knox,"9,325 ","5,762.3 "
285,2017,March,2 Eastern, Latrobe,"10,349 ","13,815.6 "
286,2017,March,2 Eastern, Manningham,"4,064 ","3,270.3 "
287,2017,March,2 Eastern, Mansfield,470 ,"5,343.3 "
288,2017,March,2 Eastern, Maroondah,"7,070 ","6,078.0 "
289,2017,March,2 Eastern, Mitchell,"3,141 ","7,321.2 "
290,2017,March,2 Eastern, Moira,"1,377 ","4,643.9 "
291,2017,March,2 Eastern, Monash,"9,027 ","4,584.0 "
292,2017,March,2 Eastern, Murrindindi,525 ,"3,688.4 "
293,2017,March,2 Eastern, South Gippsland,"1,145 ","3,905.1 "
294,2017,March,2 Eastern, Strathbogie,462 ,"4,406.7 "
295,2017,March,2 Eastern, Towong,174 ,"2,881.3 "
296,2017,March,2 Eastern, Wangaratta,"1,877 ","6,505.4 "
297,2017,March,2 Eastern, Wellington,"3,224 ","7,360.6 "
298,2017,March,2 Eastern, Whitehorse,"6,616 ","3,818.5 "
299,2017,March,2 Eastern, Wodonga,"2,532 ","6,204.1 "
300,2017,March,2 Eastern, Yarra Ranges,"6,435 ","4,102.1 "
301,2017,March,2 Eastern,Total,"90,587 ","5,396.4 "
302,2017,March,3 Southern Metro, Bayside,"4,127 ","3,957.5 "
303,2017,March,3 Southern Metro, Cardinia,"5,200 ","5,078.0 "
304,2017,March,3 Southern Metro, Casey,"18,112 ","5,542.7 "
305,2017,March,3 Southern Metro, Frankston,"12,356 ","8,780.7 "
306,2017,March,3 Southern Metro, Glen Eira,"5,874 ","3,878.3 "
307,2017,March,3 Southern Metro, Greater Dandenong,"15,455 ","9,451.6 "
308,2017,March,3 Southern Metro, Kingston,"8,381 ","5,203.9 "
309,2017,March,3 Southern Metro, Mornington Peninsula,"8,945 ","5,459.8 "
310,2017,March,3 Southern Metro, Port Phillip,"10,492 ","9,481.6 "
311,2017,March,3 Southern Metro, Stonnington,"9,111 ","8,008.1 "
312,2017,March,3 Southern Metro,Total,"98,053 ","6,373.4 "
313,2017,March,4 Western, Ararat,910 ,"7,740.7 "
314,2017,March,4 Western, Ballarat,"9,218 ","8,743.9 "
315,2017,March,4 Western, Buloke,141 ,"2,272.4 "
316,2017,March,4 Western, Campaspe,"2,741 ","7,290.5 "
317,2017,March,4 Western, Central Goldfields,950 ,"7,225.4 "
318,2017,March,4 Western, Colac-Otway,"1,616 ","7,540.8 "
319,2017,March,4 Western, Corangamite,801 ,"4,941.4 "
320,2017,March,4 Western, Gannawarra,528 ,"4,995.7 "
321,2017,March,4 Western, Glenelg,"1,380 ","7,007.9 "
322,2017,March,4 Western, Golden Plains,590 ,"2,614.3 "
323,2017,March,4 Western, Greater Bendigo,"8,032 ","7,040.0 "
324,2017,March,4 Western, Greater Geelong,"18,085 ","7,359.8 "
325,2017,March,4 Western, Hepburn,723 ,"4,626.0 "
326,2017,March,4 Western, Hindmarsh,288 ,"5,036.7 "
327,2017,March,4 Western, Horsham,"1,756 ","8,830.8 "
328,2017,March,4 Western, Loddon,393 ,"5,235.1 "
329,2017,March,4 Western, Macedon Ranges,"1,643 ","3,393.1 "
330,2017,March,4 Western, Mildura,"5,216 ","9,459.2 "
331,2017,March,4 Western, Moorabool,"1,981 ","5,923.7 "
332,2017,March,4 Western, Mount Alexander,908 ,"4,705.4 "
333,2017,March,4 Western, Moyne,488 ,"2,906.0 "
334,2017,March,4 Western, Northern Grampians,933 ,"8,101.1 "
335,2017,March,4 Western, Pyrenees,360 ,"4,892.6 "
336,2017,March,4 Western, Queenscliffe,135 ,"4,562.4 "
337,2017,March,4 Western, Southern Grampians,"1,025 ","6,357.4 "
338,2017,March,4 Western, Surf Coast,"1,068 ","3,407.0 "
339,2017,March,4 Western, Swan Hill,"1,753 ","8,408.9 "
340,2017,March,4 Western, Warrnambool,"2,589 ","7,489.4 "
341,2017,March,4 Western, West Wimmera,123 ,"3,158.7 "
342,2017,March,4 Western, Yarriambiack,330 ,"4,937.2 "
343,2017,March,4 Western,Total,"66,704 ","6,795.8 "
344,2017,March,Justice Institutions and Immigration Facilities, Justice Institutions and Immigration Facilities,"1,126 ",
345,2017,March,Justice Institutions and Immigration Facilities,Total,"1,126 ",
346,2017,March,Unincorporated Vic, Unincorporated Vic,126 ,
347,2017,March,Unincorporated Vic,Total,126 ,
348,2016,March,1 North West Metro, Banyule,"7,225 ","5,669.0 "
349,2016,March,1 North West Metro, Brimbank,"14,972 ","7,332.4 "
350,2016,March,1 North West Metro, Darebin,"11,892 ","7,666.0 "
351,2016,March,1 North West Metro, Hobsons Bay,"5,544 ","5,932.9 "
352,2016,March,1 North West Metro, Hume,"15,602 ","7,535.7 "
353,2016,March,1 North West Metro, Maribyrnong,"7,178 ","8,256.1 "
354,2016,March,1 North West Metro, Melbourne,"25,675 ","17,574.1 "
355,2016,March,1 North West Metro, Melton,"8,792 ","6,216.9 "
356,2016,March,1 North West Metro, Moonee Valley,"7,063 ","5,748.3 "
357,2016,March,1 North West Metro, Moreland,"11,176 ","6,486.6 "
358,2016,March,1 North West Metro, Nillumbik,"2,092 ","3,259.9 "
359,2016,March,1 North West Metro, Whittlesea,"11,095 ","5,358.4 "
360,2016,March,1 North West Metro, Wyndham,"11,954 ","5,265.9 "
361,2016,March,1 North West Metro, Yarra,"10,384 ","11,178.3 "
362,2016,March,1 North West Metro,Total,"150,644 ","7,355.6 "
363,2016,March,2 Eastern, Alpine,328 ,"2,607.7 "
364,2016,March,2 Eastern, Bass Coast,"2,023 ","6,045.3 "
365,2016,March,2 Eastern, Baw Baw,"2,652 ","5,379.7 "
366,2016,March,2 Eastern, Benalla,891 ,"6,372.5 "
367,2016,March,2 Eastern, Boroondara,"6,146 ","3,466.9 "
368,2016,March,2 Eastern, East Gippsland,"3,278 ","7,188.6 "
369,2016,March,2 Eastern, Greater Shepparton,"5,670 ","8,713.4 "
370,2016,March,2 Eastern, Indigo,383 ,"2,369.3 "
371,2016,March,2 Eastern, Knox,"7,686 ","4,793.2 "
372,2016,March,2 Eastern, Latrobe,"9,374 ","12,562.0 "
373,2016,March,2 Eastern, Manningham,"3,403 ","2,776.4 "
374,2016,March,2 Eastern, Mansfield,416 ,"4,795.9 "
375,2016,March,2 Eastern, Maroondah,"6,063 ","5,281.4 "
376,2016,March,2 Eastern, Mitchell,"2,980 ","7,130.0 "
377,2016,March,2 Eastern, Moira,"1,189 ","4,032.4 "
378,2016,March,2 Eastern, Monash,"7,876 ","4,088.8 "
379,2016,March,2 Eastern, Murrindindi,569 ,"4,049.2 "
380,2016,March,2 Eastern, South Gippsland,892 ,"3,063.0 "
381,2016,March,2 Eastern, Strathbogie,400 ,"3,862.1 "
382,2016,March,2 Eastern, Towong,181 ,"2,993.7 "
383,2016,March,2 Eastern, Wangaratta,"1,667 ","5,830.3 "
384,2016,March,2 Eastern, Wellington,"3,100 ","7,121.5 "
385,2016,March,2 Eastern, Whitehorse,"5,842 ","3,443.7 "
386,2016,March,2 Eastern, Wodonga,"2,567 ","6,401.5 "
387,2016,March,2 Eastern, Yarra Ranges,"5,739 ","3,697.2 "
388,2016,March,2 Eastern,Total,"81,315 ","4,913.2 "
389,2016,March,3 Southern Metro, Bayside,"3,828 ","3,719.7 "
390,2016,March,3 Southern Metro, Cardinia,"4,956 ","5,079.3 "
391,2016,March,3 Southern Metro, Casey,"15,786 ","5,046.9 "
392,2016,March,3 Southern Metro, Frankston,"11,185 ","8,017.8 "
393,2016,March,3 Southern Metro, Glen Eira,"5,207 ","3,504.4 "
394,2016,March,3 Southern Metro, Greater Dandenong,"14,066 ","8,779.1 "
395,2016,March,3 Southern Metro, Kingston,"8,365 ","5,263.0 "
396,2016,March,3 Southern Metro, Mornington Peninsula,"8,590 ","5,318.0 "
397,2016,March,3 Southern Metro, Port Phillip,"9,867 ","9,083.4 "
398,2016,March,3 Southern Metro, Stonnington,"8,051 ","7,253.0 "
399,2016,March,3 Southern Metro,Total,"89,901 ","5,986.7 "
400,2016,March,4 Western, Ararat,879 ,"7,484.0 "
401,2016,March,4 Western, Ballarat,"9,034 ","8,728.5 "
402,2016,March,4 Western, Buloke,177 ,"2,816.7 "
403,2016,March,4 Western, Campaspe,"2,518 ","6,697.7 "
404,2016,March,4 Western, Central Goldfields,911 ,"6,961.1 "
405,2016,March,4 Western, Colac-Otway,"1,207 ","5,650.2 "
406,2016,March,4 Western, Corangamite,562 ,"3,460.0 "
407,2016,March,4 Western, Gannawarra,440 ,"4,163.9 "
408,2016,March,4 Western, Glenelg,"1,246 ","6,306.0 "
409,2016,March,4 Western, Golden Plains,600 ,"2,725.3 "
410,2016,March,4 Western, Greater Bendigo,"6,640 ","5,914.5 "
411,2016,March,4 Western, Greater Geelong,"16,888 ","7,050.5 "
412,2016,March,4 Western, Hepburn,612 ,"3,942.0 "
413,2016,March,4 Western, Hindmarsh,168 ,"2,904.6 "
414,2016,March,4 Western, Horsham,"2,035 ","10,234.4 "
415,2016,March,4 Western, Loddon,309 ,"4,088.4 "
416,2016,March,4 Western, Macedon Ranges,"1,617 ","3,405.6 "
417,2016,March,4 Western, Mildura,"4,699 ","8,597.1 "
418,2016,March,4 Western, Moorabool,"1,666 ","5,099.2 "
419,2016,March,4 Western, Mount Alexander,809 ,"4,236.3 "
420,2016,March,4 Western, Moyne,427 ,"2,551.2 "
421,2016,March,4 Western, Northern Grampians,824 ,"7,121.9 "
422,2016,March,4 Western, Pyrenees,414 ,"5,658.8 "
423,2016,March,4 Western, Queenscliffe,146 ,"4,984.6 "
424,2016,March,4 Western, Southern Grampians,851 ,"5,278.2 "
425,2016,March,4 Western, Surf Coast,"1,207 ","3,961.9 "
426,2016,March,4 Western, Swan Hill,"1,608 ","7,695.3 "
427,2016,March,4 Western, Warrnambool,"2,208 ","6,448.2 "
428,2016,March,4 Western, West Wimmera,115 ,"2,921.0 "
429,2016,March,4 Western, Yarriambiack,331 ,"4,908.8 "
430,2016,March,4 Western,Total,"61,148 ","6,319.7 "
431,2016,March,Justice Institutions and Immigration Facilities, Justice Institutions and Immigration Facilities,791 ,
432,2016,March,Justice Institutions and Immigration Facilities,Total,791 ,
433,2016,March,Unincorporated Vic, Unincorporated Vic,94 ,
434,2016,March,Unincorporated Vic,Total,94 ,
435,2015,March,1 North West Metro, Banyule,"6,578 ","5,217.0 "
436,2015,March,1 North West Metro, Brimbank,"13,734 ","6,837.6 "
437,2015,March,1 North West Metro, Darebin,"10,774 ","7,089.4 "
438,2015,March,1 North West Metro, Hobsons Bay,"5,373 ","5,861.0 "
439,2015,March,1 North West Metro, Hume,"13,486 ","6,805.1 "
440,2015,March,1 North West Metro, Maribyrnong,"6,438 ","7,593.5 "
441,2015,March,1 North West Metro, Melbourne,"23,659 ","17,285.5 "
442,2015,March,1 North West Metro, Melton,"7,501 ","5,559.8 "
443,2015,March,1 North West Metro, Moonee Valley,"6,487 ","5,395.4 "
444,2015,March,1 North West Metro, Moreland,"10,322 ","6,148.8 "
445,2015,March,1 North West Metro, Nillumbik,"1,653 ","2,596.0 "
446,2015,March,1 North West Metro, Whittlesea,"10,001 ","5,080.6 "
447,2015,March,1 North West Metro, Wyndham,"10,011 ","4,682.1 "
448,2015,March,1 North West Metro, Yarra,"9,697 ","10,783.7 "
449,2015,March,1 North West Metro,Total,"135,714 ","6,862.2 "
450,2015,March,2 Eastern, Alpine,299 ,"2,405.7 "
451,2015,March,2 Eastern, Bass Coast,"1,897 ","5,823.3 "
452,2015,March,2 Eastern, Baw Baw,"2,297 ","4,801.7 "
453,2015,March,2 Eastern, Benalla,789 ,"5,666.9 "
454,2015,March,2 Eastern, Boroondara,"5,636 ","3,225.1 "
455,2015,March,2 Eastern, East Gippsland,"2,941 ","6,554.8 "
456,2015,March,2 Eastern, Greater Shepparton,"5,576 ","8,646.4 "
457,2015,March,2 Eastern, Indigo,315 ,"1,978.4 "
458,2015,March,2 Eastern, Knox,"6,933 ","4,368.6 "
459,2015,March,2 Eastern, Latrobe,"8,084 ","10,885.2 "
460,2015,March,2 Eastern, Manningham,"3,146 ","2,604.6 "
461,2015,March,2 Eastern, Mansfield,326 ,"3,821.8 "
462,2015,March,2 Eastern, Maroondah,"5,614 ","4,967.1 "
463,2015,March,2 Eastern, Mitchell,"2,192 ","5,444.1 "
464,2015,March,2 Eastern, Moira,"1,078 ","3,680.7 "
465,2015,March,2 Eastern, Monash,"6,909 ","3,652.2 "
466,2015,March,2 Eastern, Murrindindi,478 ,"3,451.8 "
467,2015,March,2 Eastern, South Gippsland,952 ,"3,307.7 "
468,2015,March,2 Eastern, Strathbogie,322 ,"3,164.6 "
469,2015,March,2 Eastern, Towong,141 ,"2,348.0 "
470,2015,March,2 Eastern, Wangaratta,"1,634 ","5,806.1 "
471,2015,March,2 Eastern, Wellington,"2,868 ","6,643.2 "
472,2015,March,2 Eastern, Whitehorse,"5,651 ","3,390.3 "
473,2015,March,2 Eastern, Wodonga,"2,460 ","6,271.8 "
474,2015,March,2 Eastern, Yarra Ranges,"5,252 ","3,423.9 "
475,2015,March,2 Eastern,Total,"73,790 ","4,526.3 "
476,2015,March,3 Southern Metro, Bayside,"3,361 ","3,318.9 "
477,2015,March,3 Southern Metro, Cardinia,"3,944 ","4,273.1 "
478,2015,March,3 Southern Metro, Casey,"13,505 ","4,508.8 "
479,2015,March,3 Southern Metro, Frankston,"10,400 ","7,547.7 "
480,2015,March,3 Southern Metro, Glen Eira,"4,474 ","3,066.0 "
481,2015,March,3 Southern Metro, Greater Dandenong,"12,165 ","7,795.0 "
482,2015,March,3 Southern Metro, Kingston,"7,241 ","4,634.4 "
483,2015,March,3 Southern Metro, Mornington Peninsula,"7,366 ","4,637.6 "
484,2015,March,3 Southern Metro, Port Phillip,"9,157 ","8,607.7 "
485,2015,March,3 Southern Metro, Stonnington,"7,266 ","6,726.0 "
486,2015,March,3 Southern Metro,Total,"78,879 ","5,394.0 "
487,2015,March,4 Western, Ararat,860 ,"7,385.8 "
488,2015,March,4 Western, Ballarat,"7,825 ","7,711.0 "
489,2015,March,4 Western, Buloke,200 ,"3,171.6 "
490,2015,March,4 Western, Campaspe,"2,281 ","6,094.2 "
491,2015,March,4 Western, Central Goldfields,808 ,"6,239.4 "
492,2015,March,4 Western, Colac-Otway,"1,057 ","4,978.8 "
493,2015,March,4 Western, Corangamite,445 ,"2,734.4 "
494,2015,March,4 Western, Gannawarra,433 ,"4,109.7 "
495,2015,March,4 Western, Glenelg,"1,404 ","7,119.0 "
496,2015,March,4 Western, Golden Plains,490 ,"2,291.0 "
497,2015,March,4 Western, Greater Bendigo,"6,089 ","5,540.1 "
498,2015,March,4 Western, Greater Geelong,"14,781 ","6,345.8 "
499,2015,March,4 Western, Hepburn,500 ,"3,260.7 "
500,2015,March,4 Western, Hindmarsh,152 ,"2,617.1 "
501,2015,March,4 Western, Horsham,"1,672 ","8,447.9 "
502,2015,March,4 Western, Loddon,251 ,"3,332.9 "
503,2015,March,4 Western, Macedon Ranges,"1,420 ","3,062.1 "
504,2015,March,4 Western, Mildura,"4,627 ","8,543.8 "
505,2015,March,4 Western, Moorabool,"1,517 ","4,778.3 "
506,2015,March,4 Western, Mount Alexander,682 ,"3,628.8 "
507,2015,March,4 Western, Moyne,448 ,"2,700.3 "
508,2015,March,4 Western, Northern Grampians,769 ,"6,604.3 "
509,2015,March,4 Western, Pyrenees,352 ,"4,903.2 "
510,2015,March,4 Western, Queenscliffe,106 ,"3,614.0 "
511,2015,March,4 Western, Southern Grampians,679 ,"4,201.2 "
512,2015,March,4 Western, Surf Coast,901 ,"3,041.4 "
513,2015,March,4 Western, Swan Hill,"1,642 ","7,859.1 "
514,2015,March,4 Western, Warrnambool,"2,008 ","5,905.0 "
515,2015,March,4 Western, West Wimmera,80 ,"2,013.1 "
516,2015,March,4 Western, Yarriambiack,207 ,"3,032.5 "
517,2015,March,4 Western,Total,"54,686 ","5,749.4 "
518,2015,March,Justice Institutions and Immigration Facilities, Justice Institutions and Immigration Facilities,748 ,
519,2015,March,Justice Institutions and Immigration Facilities,Total,748 ,
520,2015,March,Unincorporated Vic, Unincorporated Vic,98 ,
521,2015,March,Unincorporated Vic,Total,98 ,
522,2014,March,1 North West Metro, Banyule,"6,839 ","5,466.5 "
523,2014,March,1 North West Metro, Brimbank,"15,091 ","7,603.7 "
524,2014,March,1 North West Metro, Darebin,"10,718 ","7,168.7 "
525,2014,March,1 North West Metro, Hobsons Bay,"5,444 ","6,021.0 "
526,2014,March,1 North West Metro, Hume,"12,658 ","6,617.6 "
527,2014,March,1 North West Metro, Maribyrnong,"6,947 ","8,424.4 "
528,2014,March,1 North West Metro, Melbourne,"24,818 ","19,392.9 "
529,2014,March,1 North West Metro, Melton,"7,196 ","5,565.0 "
530,2014,March,1 North West Metro, Moonee Valley,"6,371 ","5,410.0 "
531,2014,March,1 North West Metro, Moreland,"9,810 ","5,978.1 "
532,2014,March,1 North West Metro, Nillumbik,"1,596 ","2,516.0 "
533,2014,March,1 North West Metro, Whittlesea,"10,184 ","5,419.9 "
534,2014,March,1 North West Metro, Wyndham,"10,258 ","5,090.5 "
535,2014,March,1 North West Metro, Yarra,"9,792 ","11,225.8 "
536,2014,March,1 North West Metro,Total,"137,722 ","7,186.3 "
537,2014,March,2 Eastern, Alpine,355 ,"2,873.3 "
538,2014,March,2 Eastern, Bass Coast,"2,079 ","6,513.8 "
539,2014,March,2 Eastern, Baw Baw,"2,251 ","4,825.9 "
540,2014,March,2 Eastern, Benalla,859 ,"6,180.7 "
541,2014,March,2 Eastern, Boroondara,"5,967 ","3,455.9 "
542,2014,March,2 Eastern, East Gippsland,"3,047 ","6,881.7 "
543,2014,March,2 Eastern, Greater Shepparton,"5,348 ","8,366.8 "
544,2014,March,2 Eastern, Indigo,365 ,"2,320.1 "
545,2014,March,2 Eastern, Knox,"7,316 ","4,647.0 "
546,2014,March,2 Eastern, Latrobe,"7,729 ","10,425.7 "
547,2014,March,2 Eastern, Manningham,"3,209 ","2,686.8 "
548,2014,March,2 Eastern, Mansfield,338 ,"4,026.2 "
549,2014,March,2 Eastern, Maroondah,"5,847 ","5,247.7 "
550,2014,March,2 Eastern, Mitchell,"2,013 ","5,150.4 "
551,2014,March,2 Eastern, Moira,"1,164 ","4,000.0 "
552,2014,March,2 Eastern, Monash,"7,082 ","3,804.5 "
553,2014,March,2 Eastern, Murrindindi,565 ,"4,128.0 "
554,2014,March,2 Eastern, South Gippsland,894 ,"3,134.5 "
555,2014,March,2 Eastern, Strathbogie,369 ,"3,683.4 "
556,2014,March,2 Eastern, Towong,214 ,"3,577.4 "
557,2014,March,2 Eastern, Wangaratta,"1,730 ","6,209.2 "
558,2014,March,2 Eastern, Wellington,"2,893 ","6,736.1 "
559,2014,March,2 Eastern, Whitehorse,"5,804 ","3,532.1 "
560,2014,March,2 Eastern, Wodonga,"2,348 ","6,119.5 "
561,2014,March,2 Eastern, Yarra Ranges,"5,294 ","3,483.6 "
562,2014,March,2 Eastern,Total,"75,080 ","4,662.7 "
563,2014,March,3 Southern Metro, Bayside,"3,420 ","3,427.0 "
564,2014,March,3 Southern Metro, Cardinia,"4,291 ","4,872.3 "
565,2014,March,3 Southern Metro, Casey,"12,311 ","4,275.6 "
566,2014,March,3 Southern Metro, Frankston,"11,254 ","8,264.0 "
567,2014,March,3 Southern Metro, Glen Eira,"4,644 ","3,231.9 "
568,2014,March,3 Southern Metro, Greater Dandenong,"12,609 ","8,288.0 "
569,2014,March,3 Southern Metro, Kingston,"7,520 ","4,876.5 "
570,2014,March,3 Southern Metro, Mornington Peninsula,"7,834 ","5,005.8 "
571,2014,March,3 Southern Metro, Port Phillip,"8,802 ","8,426.9 "
572,2014,March,3 Southern Metro, Stonnington,"7,432 ","7,018.3 "
573,2014,March,3 Southern Metro,Total,"80,117 ","5,607.0 "
574,2014,March,4 Western, Ararat,852 ,"7,370.2 "
575,2014,March,4 Western, Ballarat,"8,179 ","8,186.0 "
576,2014,March,4 Western, Buloke,186 ,"2,936.1 "
577,2014,March,4 Western, Campaspe,"2,150 ","5,758.2 "
578,2014,March,4 Western, Central Goldfields,802 ,"6,224.8 "
579,2014,March,4 Western, Colac-Otway,"1,130 ","5,347.6 "
580,2014,March,4 Western, Corangamite,505 ,"3,090.6 "
581,2014,March,4 Western, Gannawarra,444 ,"4,214.9 "
582,2014,March,4 Western, Glenelg,"1,262 ","6,388.3 "
583,2014,March,4 Western, Golden Plains,393 ,"1,880.5 "
584,2014,March,4 Western, Greater Bendigo,"6,143 ","5,690.3 "
585,2014,March,4 Western, Greater Geelong,"14,129 ","6,203.9 "
586,2014,March,4 Western, Hepburn,531 ,"3,497.1 "
587,2014,March,4 Western, Hindmarsh,175 ,"2,994.5 "
588,2014,March,4 Western, Horsham,"1,443 ","7,307.1 "
589,2014,March,4 Western, Loddon,259 ,"3,447.4 "
590,2014,March,4 Western, Macedon Ranges,"1,465 ","3,221.8 "
591,2014,March,4 Western, Mildura,"4,712 ","8,768.6 "
592,2014,March,4 Western, Moorabool,"1,471 ","4,735.1 "
593,2014,March,4 Western, Mount Alexander,608 ,"3,286.3 "
594,2014,March,4 Western, Moyne,457 ,"2,767.7 "
595,2014,March,4 Western, Northern Grampians,679 ,"5,765.5 "
596,2014,March,4 Western, Pyrenees,347 ,"4,924.1 "
597,2014,March,4 Western, Queenscliffe,88 ,"2,963.0 "
598,2014,March,4 Western, Southern Grampians,887 ,"5,456.8 "
599,2014,March,4 Western, Surf Coast,"1,026 ","3,553.4 "
600,2014,March,4 Western, Swan Hill,"1,519 ","7,254.1 "
601,2014,March,4 Western, Warrnambool,"1,913 ","5,671.7 "
602,2014,March,4 Western, West Wimmera,136 ,"3,368.0 "
603,2014,March,4 Western, Yarriambiack,214 ,"3,090.7 "
604,2014,March,4 Western,Total,"54,105 ","5,764.9 "
605,2014,March,Justice Institutions and Immigration Facilities, Justice Institutions and Immigration Facilities,"1,000 ",
606,2014,March,Justice Institutions and Immigration Facilities,Total,"1,000 ",
607,2014,March,Unincorporated Vic, Unincorporated Vic,67 ,
608,2014,March,Unincorporated Vic,Total,67 ,
609,2013,March,1 North West Metro, Banyule,"5,694 ","4,580.3 "
610,2013,March,1 North West Metro, Brimbank,"15,478 ","7,890.1 "
611,2013,March,1 North West Metro, Darebin,"9,204 ","6,249.7 "
612,2013,March,1 North West Metro, Hobsons Bay,"5,856 ","6,565.9 "
613,2013,March,1 North West Metro, Hume,"11,833 ","6,400.6 "
614,2013,March,1 North West Metro, Maribyrnong,"7,139 ","8,948.1 "
615,2013,March,1 North West Metro, Melbourne,"24,484 ","20,624.9 "
616,2013,March,1 North West Metro, Melton,"6,763 ","5,456.8 "
617,2013,March,1 North West Metro, Moonee Valley,"6,822 ","5,908.3 "
618,2013,March,1 North West Metro, Moreland,"9,507 ","5,931.4 "
619,2013,March,1 North West Metro, Nillumbik,"1,509 ","2,388.6 "
620,2013,March,1 North West Metro, Whittlesea,"9,715 ","5,419.1 "
621,2013,March,1 North West Metro, Wyndham,"10,678 ","5,613.8 "
622,2013,March,1 North West Metro, Yarra,"8,789 ","10,467.8 "
623,2013,March,1 North West Metro,Total,"133,471 ","7,189.0 "
624,2013,March,2 Eastern, Alpine,293 ,"2,385.4 "
625,2013,March,2 Eastern, Bass Coast,"1,781 ","5,684.5 "
626,2013,March,2 Eastern, Baw Baw,"2,119 ","4,644.2 "
627,2013,March,2 Eastern, Benalla,768 ,"5,533.9 "
628,2013,March,2 Eastern, Boroondara,"5,805 ","3,405.0 "
629,2013,March,2 Eastern, East Gippsland,"2,851 ","6,507.8 "
630,2013,March,2 Eastern, Greater Shepparton,"4,657 ","7,363.5 "
631,2013,March,2 Eastern, Indigo,339 ,"2,172.4 "
632,2013,March,2 Eastern, Knox,"6,596 ","4,218.8 "
633,2013,March,2 Eastern, Latrobe,"7,487 ","10,100.6 "
634,2013,March,2 Eastern, Manningham,"2,867 ","2,422.3 "
635,2013,March,2 Eastern, Mansfield,255 ,"3,081.2 "
636,2013,March,2 Eastern, Maroondah,"5,107 ","4,652.0 "
637,2013,March,2 Eastern, Mitchell,"1,927 ","5,099.5 "
638,2013,March,2 Eastern, Moira,"1,030 ","3,563.4 "
639,2013,March,2 Eastern, Monash,"6,482 ","3,537.1 "
640,2013,March,2 Eastern, Murrindindi,455 ,"3,354.7 "
641,2013,March,2 Eastern, South Gippsland,927 ,"3,278.7 "
642,2013,March,2 Eastern, Strathbogie,376 ,"3,810.7 "
643,2013,March,2 Eastern, Towong,182 ,"3,053.2 "
644,2013,March,2 Eastern, Wangaratta,"1,676 ","6,061.5 "
645,2013,March,2 Eastern, Wellington,"2,830 ","6,624.4 "
646,2013,March,2 Eastern, Whitehorse,"5,606 ","3,458.8 "
647,2013,March,2 Eastern, Wodonga,"2,441 ","6,496.3 "
648,2013,March,2 Eastern, Yarra Ranges,"4,970 ","3,293.5 "
649,2013,March,2 Eastern,Total,"69,827 ","4,387.0 "
650,2013,March,3 Southern Metro, Bayside,"3,414 ","3,474.7 "
651,2013,March,3 Southern Metro, Cardinia,"3,886 ","4,593.9 "
652,2013,March,3 Southern Metro, Casey,"11,748 ","4,225.5 "
653,2013,March,3 Southern Metro, Frankston,"10,437 ","7,768.5 "
654,2013,March,3 Southern Metro, Glen Eira,"4,599 ","3,255.7 "
655,2013,March,3 Southern Metro, Greater Dandenong,"11,817 ","7,957.5 "
656,2013,March,3 Southern Metro, Kingston,"7,119 ","4,673.2 "
657,2013,March,3 Southern Metro, Mornington Peninsula,"7,164 ","4,651.9 "
658,2013,March,3 Southern Metro, Port Phillip,"8,996 ","8,806.1 "
659,2013,March,3 Southern Metro, Stonnington,"7,116 ","6,876.2 "
660,2013,March,3 Southern Metro,Total,"76,296 ","5,461.6 "
661,2013,March,4 Western, Ararat,871 ,"7,580.5 "
662,2013,March,4 Western, Ballarat,"7,783 ","7,914.1 "
663,2013,March,4 Western, Buloke,215 ,"3,365.7 "
664,2013,March,4 Western, Campaspe,"2,187 ","5,877.0 "
665,2013,March,4 Western, Central Goldfields,808 ,"6,305.1 "
666,2013,March,4 Western, Colac-Otway,"1,088 ","5,172.3 "
667,2013,March,4 Western, Corangamite,491 ,"2,992.1 "
668,2013,March,4 Western, Gannawarra,401 ,"3,809.6 "
669,2013,March,4 Western, Glenelg,"1,035 ","5,228.1 "
670,2013,March,4 Western, Golden Plains,395 ,"1,939.9 "
671,2013,March,4 Western, Greater Bendigo,"5,736 ","5,413.5 "
672,2013,March,4 Western, Greater Geelong,"13,096 ","5,863.3 "
673,2013,March,4 Western, Hepburn,515 ,"3,428.3 "
674,2013,March,4 Western, Hindmarsh,198 ,"3,383.5 "
675,2013,March,4 Western, Horsham,"1,315 ","6,677.2 "
676,2013,March,4 Western, Loddon,325 ,"4,323.0 "
677,2013,March,4 Western, Macedon Ranges,"1,326 ","2,973.4 "
678,2013,March,4 Western, Mildura,"4,484 ","8,435.5 "
679,2013,March,4 Western, Moorabool,"1,386 ","4,557.7 "
680,2013,March,4 Western, Mount Alexander,624 ,"3,419.7 "
681,2013,March,4 Western, Moyne,490 ,"2,982.2 "
682,2013,March,4 Western, Northern Grampians,663 ,"5,580.8 "
683,2013,March,4 Western, Pyrenees,260 ,"3,747.5 "
684,2013,March,4 Western, Queenscliffe,86 ,"2,864.8 "
685,2013,March,4 Western, Southern Grampians,787 ,"4,812.0 "
686,2013,March,4 Western, Surf Coast,"1,058 ","3,748.1 "
687,2013,March,4 Western, Swan Hill,"1,349 ","6,422.9 "
688,2013,March,4 Western, Warrnambool,"1,825 ","5,460.3 "
689,2013,March,4 Western, West Wimmera,121 ,"2,934.0 "
690,2013,March,4 Western, Yarriambiack,265 ,"3,768.5 "
691,2013,March,4 Western,Total,"51,183 ","5,523.7 "
692,2013,March,Justice Institutions and Immigration Facilities, Justice Institutions and Immigration Facilities,853 ,
693,2013,March,Justice Institutions and Immigration Facilities,Total,853 ,
694,2013,March,Unincorporated Vic, Unincorporated Vic,109 ,
695,2013,March,Unincorporated Vic,Total,109 ,
696,2012,March,1 North West Metro, Banyule,"5,741 ","4,645.4 "
697,2012,March,1 North West Metro, Brimbank,"14,550 ","7,508.7 "
698,2012,March,1 North West Metro, Darebin,"9,761 ","6,732.4 "
699,2012,March,1 North West Metro, Hobsons Bay,"5,068 ","5,737.0 "
700,2012,March,1 North West Metro, Hume,"11,125 ","6,208.1 "
701,2012,March,1 North West Metro, Maribyrnong,"7,105 ","9,205.9 "
702,2012,March,1 North West Metro, Melbourne,"23,799 ","22,122.6 "
703,2012,March,1 North West Metro, Melton,"6,381 ","5,392.6 "
704,2012,March,1 North West Metro, Moonee Valley,"6,158 ","5,417.3 "
705,2012,March,1 North West Metro, Moreland,"9,061 ","5,772.6 "
706,2012,March,1 North West Metro, Nillumbik,"1,396 ","2,218.2 "
707,2012,March,1 North West Metro, Whittlesea,"9,215 ","5,420.8 "
708,2012,March,1 North West Metro, Wyndham,"10,068 ","5,620.5 "
709,2012,March,1 North West Metro, Yarra,"9,065 ","11,154.5 "
710,2012,March,1 North West Metro,Total,"128,493 ","7,150.7 "
711,2012,March,2 Eastern, Alpine,330 ,"2,708.7 "
712,2012,March,2 Eastern, Bass Coast,"1,661 ","5,390.9 "
713,2012,March,2 Eastern, Baw Baw,"1,879 ","4,221.9 "
714,2012,March,2 Eastern, Benalla,748 ,"5,401.1 "
715,2012,March,2 Eastern, Boroondara,"5,578 ","3,310.7 "
716,2012,March,2 Eastern, East Gippsland,"2,374 ","5,479.0 "
717,2012,March,2 Eastern, Greater Shepparton,"5,174 ","8,270.2 "
718,2012,March,2 Eastern, Indigo,392 ,"2,536.6 "
719,2012,March,2 Eastern, Knox,"6,287 ","4,045.5 "
720,2012,March,2 Eastern, Latrobe,"6,963 ","9,409.0 "
721,2012,March,2 Eastern, Manningham,"2,846 ","2,423.4 "
722,2012,March,2 Eastern, Mansfield,236 ,"2,914.7 "
723,2012,March,2 Eastern, Maroondah,"4,939 ","4,554.8 "
724,2012,March,2 Eastern, Mitchell,"1,776 ","4,881.3 "
725,2012,March,2 Eastern, Moira,"1,189 ","4,146.5 "
726,2012,March,2 Eastern, Monash,"6,298 ","3,492.8 "
727,2012,March,2 Eastern, Murrindindi,464 ,"3,448.3 "
728,2012,March,2 Eastern, South Gippsland,881 ,"3,154.8 "
729,2012,March,2 Eastern, Strathbogie,354 ,"3,633.0 "
730,2012,March,2 Eastern, Towong,178 ,"2,996.6 "
731,2012,March,2 Eastern, Wangaratta,"1,726 ","6,290.5 "
732,2012,March,2 Eastern, Wellington,"2,419 ","5,699.1 "
733,2012,March,2 Eastern, Whitehorse,"5,308 ","3,324.5 "
734,2012,March,2 Eastern, Wodonga,"2,470 ","6,719.6 "
735,2012,March,2 Eastern, Yarra Ranges,"5,012 ","3,344.4 "
736,2012,March,2 Eastern,Total,"67,482 ","4,289.6 "
737,2012,March,3 Southern Metro, Bayside,"3,238 ","3,339.1 "
738,2012,March,3 Southern Metro, Cardinia,"3,468 ","4,312.3 "
739,2012,March,3 Southern Metro, Casey,"11,077 ","4,114.2 "
740,2012,March,3 Southern Metro, Frankston,"9,374 ","7,091.1 "
741,2012,March,3 Southern Metro, Glen Eira,"4,490 ","3,227.5 "
742,2012,March,3 Southern Metro, Greater Dandenong,"11,047 ","7,612.5 "
743,2012,March,3 Southern Metro, Kingston,"6,874 ","4,569.4 "
744,2012,March,3 Southern Metro, Mornington Peninsula,"7,092 ","4,675.0 "
745,2012,March,3 Southern Metro, Port Phillip,"8,296 ","8,304.9 "
746,2012,March,3 Southern Metro, Stonnington,"7,115 ","7,016.1 "
747,2012,March,3 Southern Metro,Total,"72,071 ","5,274.1 "
748,2012,March,4 Western, Ararat,855 ,"7,500.0 "
749,2012,March,4 Western, Ballarat,"8,450 ","8,735.8 "
750,2012,March,4 Western, Buloke,231 ,"3,590.3 "
751,2012,March,4 Western, Campaspe,"2,039 ","5,504.7 "
752,2012,March,4 Western, Central Goldfields,686 ,"5,395.6 "
753,2012,March,4 Western, Colac-Otway,"1,088 ","5,205.2 "
754,2012,March,4 Western, Corangamite,518 ,"3,145.1 "
755,2012,March,4 Western, Gannawarra,409 ,"3,896.0 "
756,2012,March,4 Western, Glenelg,"1,170 ","5,901.6 "
757,2012,March,4 Western, Golden Plains,329 ,"1,678.2 "
758,2012,March,4 Western, Greater Bendigo,"5,207 ","5,011.3 "
759,2012,March,4 Western, Greater Geelong,"13,016 ","5,939.3 "
760,2012,March,4 Western, Hepburn,540 ,"3,642.5 "
761,2012,March,4 Western, Hindmarsh,177 ,"3,022.0 "
762,2012,March,4 Western, Horsham,"1,288 ","6,568.7 "
763,2012,March,4 Western, Loddon,326 ,"4,329.9 "
764,2012,March,4 Western, Macedon Ranges,"1,189 ","2,715.0 "
765,2012,March,4 Western, Mildura,"4,404 ","8,392.6 "
766,2012,March,4 Western, Moorabool,"1,156 ","3,936.9 "
767,2012,March,4 Western, Mount Alexander,715 ,"3,960.6 "
768,2012,March,4 Western, Moyne,482 ,"2,956.3 "
769,2012,March,4 Western, Northern Grampians,730 ,"6,098.6 "
770,2012,March,4 Western, Pyrenees,195 ,"2,842.6 "
771,2012,March,4 Western, Queenscliffe,103 ,"3,369.3 "
772,2012,March,4 Western, Southern Grampians,825 ,"5,011.8 "
773,2012,March,4 Western, Surf Coast,"1,132 ","4,111.9 "
774,2012,March,4 Western, Swan Hill,"1,338 ","6,380.2 "
775,2012,March,4 Western, Warrnambool,"1,791 ","5,417.6 "
776,2012,March,4 Western, West Wimmera,101 ,"2,396.8 "
777,2012,March,4 Western, Yarriambiack,280 ,"3,946.4 "
778,2012,March,4 Western,Total,"50,770 ","5,556.5 "
779,2012,March,Justice Institutions and Immigration Facilities, Justice Institutions and Immigration Facilities,772 ,
780,2012,March,Justice Institutions and Immigration Facilities,Total,772 ,
781,2012,March,Unincorporated Vic, Unincorporated Vic,119 ,
782,2012,March,Unincorporated Vic,Total,119 ,
783,2011,March,1 North West Metro, Banyule,"5,616 ","4,566.5 "
784,2011,March,1 North West Metro, Brimbank,"13,086 ","6,833.6 "
785,2011,March,1 North West Metro, Darebin,"9,031 ","6,317.9 "
786,2011,March,1 North West Metro, Hobsons Bay,"4,683 ","5,358.4 "
787,2011,March,1 North West Metro, Hume,"10,630 ","6,099.0 "
788,2011,March,1 North West Metro, Maribyrnong,"6,945 ","9,241.0 "
789,2011,March,1 North West Metro, Melbourne,"25,591 ","25,529.7 "
790,2011,March,1 North West Metro, Melton,"5,334 ","4,735.3 "
791,2011,March,1 North West Metro, Moonee Valley,"5,923 ","5,279.9 "
792,2011,March,1 North West Metro, Moreland,"8,667 ","5,618.9 "
793,2011,March,1 North West Metro, Nillumbik,"1,449 ","2,310.4 "
794,2011,March,1 North West Metro, Whittlesea,"8,034 ","4,996.3 "
795,2011,March,1 North West Metro, Wyndham,"8,729 ","5,236.4 "
796,2011,March,1 North West Metro, Yarra,"9,016 ","11,426.7 "
797,2011,March,1 North West Metro,Total,"122,734 ","7,042.8 "
798,2011,March,2 Eastern, Alpine,305 ,"2,527.3 "
799,2011,March,2 Eastern, Bass Coast,"1,803 ","5,963.7 "
800,2011,March,2 Eastern, Baw Baw,"1,616 ","3,724.4 "
801,2011,March,2 Eastern, Benalla,784 ,"5,673.8 "
802,2011,March,2 Eastern, Boroondara,"5,298 ","3,171.3 "
803,2011,March,2 Eastern, East Gippsland,"2,693 ","6,288.2 "
804,2011,March,2 Eastern, Greater Shepparton,"4,774 ","7,731.9 "
805,2011,March,2 Eastern, Indigo,374 ,"2,441.7 "
806,2011,March,2 Eastern, Knox,"6,258 ","4,047.2 "
807,2011,March,2 Eastern, Latrobe,"6,263 ","8,487.8 "
808,2011,March,2 Eastern, Manningham,"2,867 ","2,455.7 "
809,2011,March,2 Eastern, Mansfield,360 ,"4,532.9 "
810,2011,March,2 Eastern, Maroondah,"5,088 ","4,740.8 "
811,2011,March,2 Eastern, Mitchell,"2,105 ","5,996.3 "
812,2011,March,2 Eastern, Moira,"1,156 ","4,069.6 "
813,2011,March,2 Eastern, Monash,"6,795 ","3,831.5 "
814,2011,March,2 Eastern, Murrindindi,470 ,"3,524.6 "
815,2011,March,2 Eastern, South Gippsland,912 ,"3,314.9 "
816,2011,March,2 Eastern, Strathbogie,328 ,"3,417.4 "
817,2011,March,2 Eastern, Towong,178 ,"3,007.8 "
818,2011,March,2 Eastern, Wangaratta,"1,625 ","5,971.6 "
819,2011,March,2 Eastern, Wellington,"2,370 ","5,633.7 "
820,2011,March,2 Eastern, Whitehorse,"5,212 ","3,308.4 "
821,2011,March,2 Eastern, Wodonga,"2,113 ","5,865.4 "
822,2011,March,2 Eastern, Yarra Ranges,"5,057 ","3,396.2 "
823,2011,March,2 Eastern,Total,"66,804 ","4,293.7 "
824,2011,March,3 Southern Metro, Bayside,"2,896 ","3,012.9 "
825,2011,March,3 Southern Metro, Cardinia,"3,227 ","4,255.5 "
826,2011,March,3 Southern Metro, Casey,"10,894 ","4,169.4 "
827,2011,March,3 Southern Metro, Frankston,"9,691 ","7,434.6 "
828,2011,March,3 Southern Metro, Glen Eira,"4,702 ","3,428.3 "
829,2011,March,3 Southern Metro, Greater Dandenong,"11,071 ","7,787.3 "
830,2011,March,3 Southern Metro, Kingston,"6,889 ","4,645.2 "
831,2011,March,3 Southern Metro, Mornington Peninsula,"7,009 ","4,695.5 "
832,2011,March,3 Southern Metro, Port Phillip,"8,617 ","8,858.3 "
833,2011,March,3 Southern Metro, Stonnington,"7,396 ","7,481.8 "
834,2011,March,3 Southern Metro,Total,"72,392 ","5,416.1 "
835,2011,March,4 Western, Ararat,789 ,"6,966.3 "
836,2011,March,4 Western, Ballarat,"7,710 ","8,100.0 "
837,2011,March,4 Western, Buloke,280 ,"4,331.0 "
838,2011,March,4 Western, Campaspe,"1,941 ","5,266.6 "
839,2011,March,4 Western, Central Goldfields,781 ,"6,208.8 "
840,2011,March,4 Western, Colac-Otway,"1,103 ","5,303.1 "
841,2011,March,4 Western, Corangamite,545 ,"3,297.8 "
842,2011,March,4 Western, Gannawarra,546 ,"5,223.4 "
843,2011,March,4 Western, Glenelg,"1,268 ","6,388.6 "
844,2011,March,4 Western, Golden Plains,339 ,"1,788.2 "
845,2011,March,4 Western, Greater Bendigo,"4,847 ","4,752.2 "
846,2011,March,4 Western, Greater Geelong,"12,106 ","5,608.9 "
847,2011,March,4 Western, Hepburn,521 ,"3,561.4 "
848,2011,March,4 Western, Hindmarsh,155 ,"2,646.9 "
849,2011,March,4 Western, Horsham,"1,448 ","7,416.9 "
850,2011,March,4 Western, Loddon,300 ,"3,975.6 "
851,2011,March,4 Western, Macedon Ranges,"1,231 ","2,870.6 "
852,2011,March,4 Western, Mildura,"4,657 ","8,986.5 "
853,2011,March,4 Western, Moorabool,"1,033 ","3,603.1 "
854,2011,March,4 Western, Mount Alexander,654 ,"3,659.4 "
855,2011,March,4 Western, Moyne,451 ,"2,789.6 "
856,2011,March,4 Western, Northern Grampians,848 ,"7,035.0 "
857,2011,March,4 Western, Pyrenees,244 ,"3,610.0 "
858,2011,March,4 Western, Queenscliffe,99 ,"3,234.2 "
859,2011,March,4 Western, Southern Grampians,771 ,"4,652.7 "
860,2011,March,4 Western, Surf Coast,991 ,"3,716.3 "
861,2011,March,4 Western, Swan Hill,"1,544 ","7,400.0 "
862,2011,March,4 Western, Warrnambool,"1,929 ","5,905.0 "
863,2011,March,4 Western, West Wimmera,91 ,"2,122.7 "
864,2011,March,4 Western, Yarriambiack,260 ,"3,619.7 "
865,2011,March,4 Western,Total,"49,482 ","5,486.4 "
866,2011,March,Justice Institutions and Immigration Facilities, Justice Institutions and Immigration Facilities,667 ,
867,2011,March,Justice Institutions and Immigration Facilities,Total,667 ,
868,2011,March,Unincorporated Vic, Unincorporated Vic,170 ,
869,2011,March,Unincorporated Vic,Total,170 ,
