Year,Year ending,Police Region,Local Government Area,Incidents Recorded,"Rate per 100,000 population"
2020,March,1 North West Metro, Banyule,"7,287 ","5,504.9 "
2020,March,1 North West Metro, Brimbank,"15,506 ","7,376.8 "
2020,March,1 North West Metro, Darebin,"11,909 ","7,182.7 "
2020,March,1 North West Metro, Hobsons Bay,"4,908 ","4,977.9 "
2020,March,1 North West Metro, Hume,"15,933 ","6,599.8 "
2020,March,1 North West Metro, Maribyrnong,"7,319 ","7,652.1 "
2020,March,1 North West Metro, Melbourne,"26,941 ","14,368.5 "
2020,March,1 North West Metro, Melton,"9,341 ","5,431.1 "
2020,March,1 North West Metro, Moonee Valley,"6,727 ","5,094.5 "
2020,March,1 North West Metro, Moreland,"11,132 ","5,899.1 "
2020,March,1 North West Metro, Nillumbik,"1,690 ","2,593.1 "
2020,March,1 North West Metro, Whittlesea,"12,276 ","5,180.5 "
2020,March,1 North West Metro, Wyndham,"13,898 ","4,902.8 "
2020,March,1 North West Metro, Yarra,"11,452 ","11,102.7 "
2020,March,1 North West Metro,Total,"156,319 ","6,758.2 "
2020,March,2 Eastern, Alpine,438 ,"3,406.4 "
2020,March,2 Eastern, Bass Coast,"1,793 ","4,836.9 "
2020,March,2 Eastern, Baw Baw,"3,598 ","6,581.1 "
2020,March,2 Eastern, Benalla,940 ,"6,679.7 "
2020,March,2 Eastern, Boroondara,"6,523 ","3,537.1 "
2020,March,2 Eastern, East Gippsland,"3,657 ","7,653.0 "
2020,March,2 Eastern, Greater Shepparton,"6,398 ","9,567.7 "
2020,March,2 Eastern, Indigo,432 ,"2,566.4 "
2020,March,2 Eastern, Knox,"8,895 ","5,382.2 "
2020,March,2 Eastern, Latrobe,"10,099 ","13,303.8 "
2020,March,2 Eastern, Manningham,"3,746 ","2,911.2 "
2020,March,2 Eastern, Mansfield,338 ,"3,636.9 "
2020,March,2 Eastern, Maroondah,"5,935 ","4,958.5 "
2020,March,2 Eastern, Mitchell,"3,132 ","6,534.9 "
2020,March,2 Eastern, Moira,"1,844 ","6,144.8 "
2020,March,2 Eastern, Monash,"9,596 ","4,714.6 "
2020,March,2 Eastern, Murrindindi,601 ,"4,080.3 "
2020,March,2 Eastern, South Gippsland,"1,367 ","4,538.5 "
2020,March,2 Eastern, Strathbogie,476 ,"4,374.9 "
2020,March,2 Eastern, Towong,156 ,"2,578.4 "
2020,March,2 Eastern, Wangaratta,"1,754 ","5,974.3 "
2020,March,2 Eastern, Wellington,"3,390 ","7,602.1 "
2020,March,2 Eastern, Whitehorse,"7,380 ","4,103.1 "
2020,March,2 Eastern, Wodonga,"2,842 ","6,617.5 "
2020,March,2 Eastern, Yarra Ranges,"6,209 ","3,870.8 "
2020,March,2 Eastern,Total,"91,539 ","5,279.5 "
2020,March,3 Southern Metro, Bayside,"4,205 ","3,904.3 "
2020,March,3 Southern Metro, Cardinia,"5,313 ","4,534.2 "
2020,March,3 Southern Metro, Casey,"17,338 ","4,747.6 "
2020,March,3 Southern Metro, Frankston,"11,121 ","7,736.2 "
2020,March,3 Southern Metro, Glen Eira,"6,113 ","3,883.9 "
2020,March,3 Southern Metro, Greater Dandenong,"14,744 ","8,673.9 "
2020,March,3 Southern Metro, Kingston,"9,052 ","5,420.3 "
2020,March,3 Southern Metro, Mornington Peninsula,"8,643 ","5,109.8 "
2020,March,3 Southern Metro, Port Phillip,"10,004 ","8,498.1 "
2020,March,3 Southern Metro, Stonnington,"9,487 ","7,978.3 "
2020,March,3 Southern Metro,Total,"96,020 ","5,876.5 "
2020,March,4 Western, Ararat,898 ,"7,570.6 "
2020,March,4 Western, Ballarat,"8,732 ","7,833.3 "
2020,March,4 Western, Buloke,254 ,"4,174.8 "
2020,March,4 Western, Campaspe,"2,801 ","7,442.3 "
2020,March,4 Western, Central Goldfields,867 ,"6,555.0 "
2020,March,4 Western, Colac-Otway,"1,285 ","5,951.5 "
2020,March,4 Western, Corangamite,551 ,"3,460.7 "
2020,March,4 Western, Gannawarra,607 ,"5,807.4 "
2020,March,4 Western, Glenelg,"1,171 ","5,964.8 "
2020,March,4 Western, Golden Plains,472 ,"1,947.3 "
2020,March,4 Western, Greater Bendigo,"8,337 ","6,948.1 "
2020,March,4 Western, Greater Geelong,"17,045 ","6,437.8 "
2020,March,4 Western, Hepburn,739 ,"4,599.8 "
2020,March,4 Western, Hindmarsh,248 ,"4,483.7 "
2020,March,4 Western, Horsham,"1,360 ","6,823.7 "
2020,March,4 Western, Loddon,367 ,"4,899.6 "
2020,March,4 Western, Macedon Ranges,"1,725 ","3,379.8 "
2020,March,4 Western, Mildura,"5,581 ","9,964.7 "
2020,March,4 Western, Moorabool,"1,644 ","4,569.7 "
2020,March,4 Western, Mount Alexander,894 ,"4,488.6 "
2020,March,4 Western, Moyne,509 ,"2,986.3 "
2020,March,4 Western, Northern Grampians,735 ,"6,488.5 "
2020,March,4 Western, Pyrenees,350 ,"4,679.6 "
2020,March,4 Western, Queenscliffe,101 ,"3,419.9 "
2020,March,4 Western, Southern Grampians,890 ,"5,534.6 "
2020,March,4 Western, Surf Coast,"1,046 ","3,051.0 "
2020,March,4 Western, Swan Hill,"1,775 ","8,622.7 "
2020,March,4 Western, Warrnambool,"2,477 ","7,000.3 "
2020,March,4 Western, West Wimmera,141 ,"3,710.1 "
2020,March,4 Western, Yarriambiack,324 ,"4,917.5 "
2020,March,4 Western,Total,"63,926 ","6,240.6 "
2020,March,Justice Institutions and Immigration Facilities, Justice Institutions and Immigration Facilities,"1,380 ",
2020,March,Justice Institutions and Immigration Facilities,Total,"1,380 ",
2020,March,Unincorporated Vic, Unincorporated Vic,110 ,
2020,March,Unincorporated Vic,Total,110 ,
2019,March,1 North West Metro, Banyule,"7,014 ","5,328.5 "
2019,March,1 North West Metro, Brimbank,"14,673 ","7,003.0 "
2019,March,1 North West Metro, Darebin,"11,248 ","6,850.9 "
2019,March,1 North West Metro, Hobsons Bay,"4,849 ","4,960.6 "
2019,March,1 North West Metro, Hume,"15,596 ","6,680.1 "
2019,March,1 North West Metro, Maribyrnong,"6,672 ","7,139.8 "
2019,March,1 North West Metro, Melbourne,"26,575 ","14,850.1 "
2019,March,1 North West Metro, Melton,"8,326 ","5,049.3 "
2019,March,1 North West Metro, Moonee Valley,"6,487 ","4,978.7 "
2019,March,1 North West Metro, Moreland,"11,408 ","6,141.0 "
2019,March,1 North West Metro, Nillumbik,"1,626 ","2,497.9 "
2019,March,1 North West Metro, Whittlesea,"11,912 ","5,173.8 "
2019,March,1 North West Metro, Wyndham,"11,464 ","4,238.3 "
2019,March,1 North West Metro, Yarra,"11,183 ","11,018.3 "
2019,March,1 North West Metro,Total,"149,033 ","6,602.5 "
2019,March,2 Eastern, Alpine,399 ,"3,113.8 "
2019,March,2 Eastern, Bass Coast,"1,784 ","4,911.9 "
2019,March,2 Eastern, Baw Baw,"3,181 ","5,957.4 "
2019,March,2 Eastern, Benalla,878 ,"6,254.9 "
2019,March,2 Eastern, Boroondara,"5,564 ","3,037.1 "
2019,March,2 Eastern, East Gippsland,"3,198 ","6,758.8 "
2019,March,2 Eastern, Greater Shepparton,"6,230 ","9,368.7 "
2019,March,2 Eastern, Indigo,371 ,"2,221.4 "
2019,March,2 Eastern, Knox,"8,094 ","4,919.2 "
2019,March,2 Eastern, Latrobe,"9,942 ","13,157.6 "
2019,March,2 Eastern, Manningham,"3,412 ","2,674.5 "
2019,March,2 Eastern, Mansfield,321 ,"3,498.3 "
2019,March,2 Eastern, Maroondah,"6,035 ","5,090.3 "
2019,March,2 Eastern, Mitchell,"3,035 ","6,586.1 "
2019,March,2 Eastern, Moira,"1,682 ","5,620.7 "
2019,March,2 Eastern, Monash,"8,034 ","3,960.6 "
2019,March,2 Eastern, Murrindindi,593 ,"4,070.0 "
2019,March,2 Eastern, South Gippsland,996 ,"3,329.5 "
2019,March,2 Eastern, Strathbogie,448 ,"4,155.5 "
2019,March,2 Eastern, Towong,173 ,"2,864.2 "
2019,March,2 Eastern, Wangaratta,"1,639 ","5,615.5 "
2019,March,2 Eastern, Wellington,"2,923 ","6,586.3 "
2019,March,2 Eastern, Whitehorse,"6,369 ","3,563.3 "
2019,March,2 Eastern, Wodonga,"2,421 ","5,752.9 "
2019,March,2 Eastern, Yarra Ranges,"5,768 ","3,617.2 "
2019,March,2 Eastern,Total,"83,490 ","4,854.9 "
2019,March,3 Southern Metro, Bayside,"3,605 ","3,373.5 "
2019,March,3 Southern Metro, Cardinia,"4,612 ","4,112.0 "
2019,March,3 Southern Metro, Casey,"16,309 ","4,608.7 "
2019,March,3 Southern Metro, Frankston,"11,157 ","7,821.6 "
2019,March,3 Southern Metro, Glen Eira,"4,896 ","3,128.2 "
2019,March,3 Southern Metro, Greater Dandenong,"14,201 ","8,442.9 "
2019,March,3 Southern Metro, Kingston,"8,609 ","5,193.0 "
2019,March,3 Southern Metro, Mornington Peninsula,"8,162 ","4,868.9 "
2019,March,3 Southern Metro, Port Phillip,"9,683 ","8,376.2 "
2019,March,3 Southern Metro, Stonnington,"8,170 ","6,937.4 "
2019,March,3 Southern Metro,Total,"89,404 ","5,563.3 "
2019,March,4 Western, Ararat,911 ,"7,691.0 "
2019,March,4 Western, Ballarat,"8,132 ","7,426.1 "
2019,March,4 Western, Buloke,214 ,"3,494.4 "
2019,March,4 Western, Campaspe,"2,920 ","7,761.4 "
2019,March,4 Western, Central Goldfields,917 ,"6,954.3 "
2019,March,4 Western, Colac-Otway,"1,321 ","6,126.0 "
2019,March,4 Western, Corangamite,487 ,"3,040.0 "
2019,March,4 Western, Gannawarra,582 ,"5,557.7 "
2019,March,4 Western, Glenelg,956 ,"4,859.2 "
2019,March,4 Western, Golden Plains,510 ,"2,149.9 "
2019,March,4 Western, Greater Bendigo,"8,096 ","6,855.6 "
2019,March,4 Western, Greater Geelong,"15,791 ","6,098.5 "
2019,March,4 Western, Hepburn,619 ,"3,874.8 "
2019,March,4 Western, Hindmarsh,251 ,"4,491.8 "
2019,March,4 Western, Horsham,"1,437 ","7,213.5 "
2019,March,4 Western, Loddon,386 ,"5,143.9 "
2019,March,4 Western, Macedon Ranges,"1,784 ","3,551.6 "
2019,March,4 Western, Mildura,"5,497 ","9,855.3 "
2019,March,4 Western, Moorabool,"1,633 ","4,659.2 "
2019,March,4 Western, Mount Alexander,751 ,"3,801.8 "
2019,March,4 Western, Moyne,459 ,"2,707.5 "
2019,March,4 Western, Northern Grampians,762 ,"6,683.0 "
2019,March,4 Western, Pyrenees,419 ,"5,607.6 "
2019,March,4 Western, Queenscliffe,118 ,"4,013.6 "
2019,March,4 Western, Southern Grampians,"1,109 ","6,888.2 "
2019,March,4 Western, Surf Coast,900 ,"2,690.1 "
2019,March,4 Western, Swan Hill,"1,869 ","9,051.3 "
2019,March,4 Western, Warrnambool,"3,009 ","8,552.9 "
2019,March,4 Western, West Wimmera,125 ,"3,254.4 "
2019,March,4 Western, Yarriambiack,320 ,"4,820.0 "
2019,March,4 Western,Total,"62,285 ","6,159.6 "
2019,March,Justice Institutions and Immigration Facilities, Justice Institutions and Immigration Facilities,"1,482 ",
2019,March,Justice Institutions and Immigration Facilities,Total,"1,482 ",
2019,March,Unincorporated Vic, Unincorporated Vic,95 ,
2019,March,Unincorporated Vic,Total,95 ,
2018,March,1 North West Metro, Banyule,"7,371 ","5,659.1 "
2018,March,1 North West Metro, Brimbank,"13,552 ","6,492.2 "
2018,March,1 North West Metro, Darebin,"11,424 ","7,067.0 "
2018,March,1 North West Metro, Hobsons Bay,"4,830 ","5,006.2 "
2018,March,1 North West Metro, Hume,"15,267 ","6,802.8 "
2018,March,1 North West Metro, Maribyrnong,"6,585 ","7,203.6 "
2018,March,1 North West Metro, Melbourne,"26,834 ","15,755.3 "
2018,March,1 North West Metro, Melton,"7,804 ","4,979.6 "
2018,March,1 North West Metro, Moonee Valley,"6,691 ","5,231.2 "
2018,March,1 North West Metro, Moreland,"11,022 ","6,063.4 "
2018,March,1 North West Metro, Nillumbik,"1,795 ","2,764.0 "
2018,March,1 North West Metro, Whittlesea,"11,341 ","5,077.7 "
2018,March,1 North West Metro, Wyndham,"10,864 ","4,254.3 "
2018,March,1 North West Metro, Yarra,"10,648 ","10,802.8 "
2018,March,1 North West Metro,Total,"146,028 ","6,662.1 "
2018,March,2 Eastern, Alpine,319 ,"2,505.9 "
2018,March,2 Eastern, Bass Coast,"1,799 ","5,092.6 "
2018,March,2 Eastern, Baw Baw,"2,929 ","5,631.4 "
2018,March,2 Eastern, Benalla,979 ,"6,981.4 "
2018,March,2 Eastern, Boroondara,"5,631 ","3,104.6 "
2018,March,2 Eastern, East Gippsland,"3,057 ","6,529.8 "
2018,March,2 Eastern, Greater Shepparton,"5,980 ","9,059.5 "
2018,March,2 Eastern, Indigo,339 ,"2,055.9 "
2018,March,2 Eastern, Knox,"8,518 ","5,219.0 "
2018,March,2 Eastern, Latrobe,"9,377 ","12,467.9 "
2018,March,2 Eastern, Manningham,"3,660 ","2,915.5 "
2018,March,2 Eastern, Mansfield,453 ,"5,045.1 "
2018,March,2 Eastern, Maroondah,"5,880 ","5,004.0 "
2018,March,2 Eastern, Mitchell,"3,041 ","6,864.9 "
2018,March,2 Eastern, Moira,"1,504 ","5,047.5 "
2018,March,2 Eastern, Monash,"8,299 ","4,145.1 "
2018,March,2 Eastern, Murrindindi,532 ,"3,674.5 "
2018,March,2 Eastern, South Gippsland,"1,006 ","3,401.5 "
2018,March,2 Eastern, Strathbogie,438 ,"4,115.0 "
2018,March,2 Eastern, Towong,171 ,"2,824.6 "
2018,March,2 Eastern, Wangaratta,"1,799 ","6,185.1 "
2018,March,2 Eastern, Wellington,"2,658 ","6,038.6 "
2018,March,2 Eastern, Whitehorse,"6,497 ","3,685.8 "
2018,March,2 Eastern, Wodonga,"2,370 ","5,720.6 "
2018,March,2 Eastern, Yarra Ranges,"5,516 ","3,487.4 "
2018,March,2 Eastern,Total,"82,752 ","4,869.9 "
2018,March,3 Southern Metro, Bayside,"3,898 ","3,686.2 "
2018,March,3 Southern Metro, Cardinia,"4,273 ","3,989.1 "
2018,March,3 Southern Metro, Casey,"14,746 ","4,331.4 "
2018,March,3 Southern Metro, Frankston,"10,724 ","7,560.3 "
2018,March,3 Southern Metro, Glen Eira,"5,233 ","3,399.8 "
2018,March,3 Southern Metro, Greater Dandenong,"13,627 ","8,202.1 "
2018,March,3 Southern Metro, Kingston,"7,907 ","4,837.5 "
2018,March,3 Southern Metro, Mornington Peninsula,"8,520 ","5,138.0 "
2018,March,3 Southern Metro, Port Phillip,"9,798 ","8,650.5 "
2018,March,3 Southern Metro, Stonnington,"8,007 ","6,885.9 "
2018,March,3 Southern Metro,Total,"86,733 ","5,510.2 "
2018,March,4 Western, Ararat,884 ,"7,494.7 "
2018,March,4 Western, Ballarat,"8,901 ","8,293.6 "
2018,March,4 Western, Buloke,168 ,"2,717.1 "
2018,March,4 Western, Campaspe,"2,511 ","6,680.0 "
2018,March,4 Western, Central Goldfields,907 ,"6,867.1 "
2018,March,4 Western, Colac-Otway,"1,242 ","5,776.2 "
2018,March,4 Western, Corangamite,621 ,"3,847.8 "
2018,March,4 Western, Gannawarra,417 ,"3,954.1 "
2018,March,4 Western, Glenelg,"1,196 ","6,082.2 "
2018,March,4 Western, Golden Plains,481 ,"2,080.6 "
2018,March,4 Western, Greater Bendigo,"7,089 ","6,109.0 "
2018,March,4 Western, Greater Geelong,"16,866 ","6,686.8 "
2018,March,4 Western, Hepburn,639 ,"4,041.2 "
2018,March,4 Western, Hindmarsh,253 ,"4,482.6 "
2018,March,4 Western, Horsham,"1,637 ","8,236.9 "
2018,March,4 Western, Loddon,317 ,"4,219.4 "
2018,March,4 Western, Macedon Ranges,"1,523 ","3,083.8 "
2018,March,4 Western, Mildura,"4,823 ","8,687.6 "
2018,March,4 Western, Moorabool,"1,823 ","5,337.3 "
2018,March,4 Western, Mount Alexander,733 ,"3,756.3 "
2018,March,4 Western, Moyne,464 ,"2,747.7 "
2018,March,4 Western, Northern Grampians,802 ,"7,016.6 "
2018,March,4 Western, Pyrenees,307 ,"4,175.2 "
2018,March,4 Western, Queenscliffe,108 ,"3,621.7 "
2018,March,4 Western, Southern Grampians,"1,004 ","6,222.9 "
2018,March,4 Western, Surf Coast,952 ,"2,951.8 "
2018,March,4 Western, Swan Hill,"1,752 ","8,439.3 "
2018,March,4 Western, Warrnambool,"2,707 ","7,764.7 "
2018,March,4 Western, West Wimmera,114 ,"2,951.8 "
2018,March,4 Western, Yarriambiack,358 ,"5,377.0 "
2018,March,4 Western,Total,"61,599 ","6,185.0 "
2018,March,Justice Institutions and Immigration Facilities, Justice Institutions and Immigration Facilities,"1,474 ",
2018,March,Justice Institutions and Immigration Facilities,Total,"1,474 ",
2018,March,Unincorporated Vic, Unincorporated Vic,117 ,
2018,March,Unincorporated Vic,Total,117 ,
2017,March,1 North West Metro, Banyule,"7,447 ","5,767.7 "
2017,March,1 North West Metro, Brimbank,"14,672 ","7,088.0 "
2017,March,1 North West Metro, Darebin,"13,201 ","8,315.5 "
2017,March,1 North West Metro, Hobsons Bay,"5,229 ","5,500.1 "
2017,March,1 North West Metro, Hume,"17,031 ","7,912.6 "
2017,March,1 North West Metro, Maribyrnong,"7,193 ","8,049.3 "
2017,March,1 North West Metro, Melbourne,"28,096 ","17,654.8 "
2017,March,1 North West Metro, Melton,"8,968 ","6,034.3 "
2017,March,1 North West Metro, Moonee Valley,"7,758 ","6,186.1 "
2017,March,1 North West Metro, Moreland,"11,803 ","6,669.3 "
2017,March,1 North West Metro, Nillumbik,"2,171 ","3,359.7 "
2017,March,1 North West Metro, Whittlesea,"12,871 ","5,967.5 "
2017,March,1 North West Metro, Wyndham,"11,967 ","4,964.1 "
2017,March,1 North West Metro, Yarra,"11,310 ","11,782.0 "
2017,March,1 North West Metro,Total,"159,717 ","7,526.6 "
2017,March,2 Eastern, Alpine,280 ,"2,215.5 "
2017,March,2 Eastern, Bass Coast,"1,986 ","5,775.6 "
2017,March,2 Eastern, Baw Baw,"2,894 ","5,710.8 "
2017,March,2 Eastern, Benalla,"1,001 ","7,163.3 "
2017,March,2 Eastern, Boroondara,"7,004 ","3,898.1 "
2017,March,2 Eastern, East Gippsland,"2,952 ","6,398.5 "
2017,March,2 Eastern, Greater Shepparton,"6,307 ","9,621.1 "
2017,March,2 Eastern, Indigo,350 ,"2,142.9 "
2017,March,2 Eastern, Knox,"9,325 ","5,762.3 "
2017,March,2 Eastern, Latrobe,"10,349 ","13,815.6 "
2017,March,2 Eastern, Manningham,"4,064 ","3,270.3 "
2017,March,2 Eastern, Mansfield,470 ,"5,343.3 "
2017,March,2 Eastern, Maroondah,"7,070 ","6,078.0 "
2017,March,2 Eastern, Mitchell,"3,141 ","7,321.2 "
2017,March,2 Eastern, Moira,"1,377 ","4,643.9 "
2017,March,2 Eastern, Monash,"9,027 ","4,584.0 "
2017,March,2 Eastern, Murrindindi,525 ,"3,688.4 "
2017,March,2 Eastern, South Gippsland,"1,145 ","3,905.1 "
2017,March,2 Eastern, Strathbogie,462 ,"4,406.7 "
2017,March,2 Eastern, Towong,174 ,"2,881.3 "
2017,March,2 Eastern, Wangaratta,"1,877 ","6,505.4 "
2017,March,2 Eastern, Wellington,"3,224 ","7,360.6 "
2017,March,2 Eastern, Whitehorse,"6,616 ","3,818.5 "
2017,March,2 Eastern, Wodonga,"2,532 ","6,204.1 "
2017,March,2 Eastern, Yarra Ranges,"6,435 ","4,102.1 "
2017,March,2 Eastern,Total,"90,587 ","5,396.4 "
2017,March,3 Southern Metro, Bayside,"4,127 ","3,957.5 "
2017,March,3 Southern Metro, Cardinia,"5,200 ","5,078.0 "
2017,March,3 Southern Metro, Casey,"18,112 ","5,542.7 "
2017,March,3 Southern Metro, Frankston,"12,356 ","8,780.7 "
2017,March,3 Southern Metro, Glen Eira,"5,874 ","3,878.3 "
2017,March,3 Southern Metro, Greater Dandenong,"15,455 ","9,451.6 "
2017,March,3 Southern Metro, Kingston,"8,381 ","5,203.9 "
2017,March,3 Southern Metro, Mornington Peninsula,"8,945 ","5,459.8 "
2017,March,3 Southern Metro, Port Phillip,"10,492 ","9,481.6 "
2017,March,3 Southern Metro, Stonnington,"9,111 ","8,008.1 "
2017,March,3 Southern Metro,Total,"98,053 ","6,373.4 "
2017,March,4 Western, Ararat,910 ,"7,740.7 "
2017,March,4 Western, Ballarat,"9,218 ","8,743.9 "
2017,March,4 Western, Buloke,141 ,"2,272.4 "
2017,March,4 Western, Campaspe,"2,741 ","7,290.5 "
2017,March,4 Western, Central Goldfields,950 ,"7,225.4 "
2017,March,4 Western, Colac-Otway,"1,616 ","7,540.8 "
2017,March,4 Western, Corangamite,801 ,"4,941.4 "
2017,March,4 Western, Gannawarra,528 ,"4,995.7 "
2017,March,4 Western, Glenelg,"1,380 ","7,007.9 "
2017,March,4 Western, Golden Plains,590 ,"2,614.3 "
2017,March,4 Western, Greater Bendigo,"8,032 ","7,040.0 "
2017,March,4 Western, Greater Geelong,"18,085 ","7,359.8 "
2017,March,4 Western, Hepburn,723 ,"4,626.0 "
2017,March,4 Western, Hindmarsh,288 ,"5,036.7 "
2017,March,4 Western, Horsham,"1,756 ","8,830.8 "
2017,March,4 Western, Loddon,393 ,"5,235.1 "
2017,March,4 Western, Macedon Ranges,"1,643 ","3,393.1 "
2017,March,4 Western, Mildura,"5,216 ","9,459.2 "
2017,March,4 Western, Moorabool,"1,981 ","5,923.7 "
2017,March,4 Western, Mount Alexander,908 ,"4,705.4 "
2017,March,4 Western, Moyne,488 ,"2,906.0 "
2017,March,4 Western, Northern Grampians,933 ,"8,101.1 "
2017,March,4 Western, Pyrenees,360 ,"4,892.6 "
2017,March,4 Western, Queenscliffe,135 ,"4,562.4 "
2017,March,4 Western, Southern Grampians,"1,025 ","6,357.4 "
2017,March,4 Western, Surf Coast,"1,068 ","3,407.0 "
2017,March,4 Western, Swan Hill,"1,753 ","8,408.9 "
2017,March,4 Western, Warrnambool,"2,589 ","7,489.4 "
2017,March,4 Western, West Wimmera,123 ,"3,158.7 "
2017,March,4 Western, Yarriambiack,330 ,"4,937.2 "
2017,March,4 Western,Total,"66,704 ","6,795.8 "
2017,March,Justice Institutions and Immigration Facilities, Justice Institutions and Immigration Facilities,"1,126 ",
2017,March,Justice Institutions and Immigration Facilities,Total,"1,126 ",
2017,March,Unincorporated Vic, Unincorporated Vic,126 ,
2017,March,Unincorporated Vic,Total,126 ,
2016,March,1 North West Metro, Banyule,"7,225 ","5,669.0 "
2016,March,1 North West Metro, Brimbank,"14,972 ","7,332.4 "
2016,March,1 North West Metro, Darebin,"11,892 ","7,666.0 "
2016,March,1 North West Metro, Hobsons Bay,"5,544 ","5,932.9 "
2016,March,1 North West Metro, Hume,"15,602 ","7,535.7 "
2016,March,1 North West Metro, Maribyrnong,"7,178 ","8,256.1 "
2016,March,1 North West Metro, Melbourne,"25,675 ","17,574.1 "
2016,March,1 North West Metro, Melton,"8,792 ","6,216.9 "
2016,March,1 North West Metro, Moonee Valley,"7,063 ","5,748.3 "
2016,March,1 North West Metro, Moreland,"11,176 ","6,486.6 "
2016,March,1 North West Metro, Nillumbik,"2,092 ","3,259.9 "
2016,March,1 North West Metro, Whittlesea,"11,095 ","5,358.4 "
2016,March,1 North West Metro, Wyndham,"11,954 ","5,265.9 "
2016,March,1 North West Metro, Yarra,"10,384 ","11,178.3 "
2016,March,1 North West Metro,Total,"150,644 ","7,355.6 "
2016,March,2 Eastern, Alpine,328 ,"2,607.7 "
2016,March,2 Eastern, Bass Coast,"2,023 ","6,045.3 "
2016,March,2 Eastern, Baw Baw,"2,652 ","5,379.7 "
2016,March,2 Eastern, Benalla,891 ,"6,372.5 "
2016,March,2 Eastern, Boroondara,"6,146 ","3,466.9 "
2016,March,2 Eastern, East Gippsland,"3,278 ","7,188.6 "
2016,March,2 Eastern, Greater Shepparton,"5,670 ","8,713.4 "
2016,March,2 Eastern, Indigo,383 ,"2,369.3 "
2016,March,2 Eastern, Knox,"7,686 ","4,793.2 "
2016,March,2 Eastern, Latrobe,"9,374 ","12,562.0 "
2016,March,2 Eastern, Manningham,"3,403 ","2,776.4 "
2016,March,2 Eastern, Mansfield,416 ,"4,795.9 "
2016,March,2 Eastern, Maroondah,"6,063 ","5,281.4 "
2016,March,2 Eastern, Mitchell,"2,980 ","7,130.0 "
2016,March,2 Eastern, Moira,"1,189 ","4,032.4 "
2016,March,2 Eastern, Monash,"7,876 ","4,088.8 "
2016,March,2 Eastern, Murrindindi,569 ,"4,049.2 "
2016,March,2 Eastern, South Gippsland,892 ,"3,063.0 "
2016,March,2 Eastern, Strathbogie,400 ,"3,862.1 "
2016,March,2 Eastern, Towong,181 ,"2,993.7 "
2016,March,2 Eastern, Wangaratta,"1,667 ","5,830.3 "
2016,March,2 Eastern, Wellington,"3,100 ","7,121.5 "
2016,March,2 Eastern, Whitehorse,"5,842 ","3,443.7 "
2016,March,2 Eastern, Wodonga,"2,567 ","6,401.5 "
2016,March,2 Eastern, Yarra Ranges,"5,739 ","3,697.2 "
2016,March,2 Eastern,Total,"81,315 ","4,913.2 "
2016,March,3 Southern Metro, Bayside,"3,828 ","3,719.7 "
2016,March,3 Southern Metro, Cardinia,"4,956 ","5,079.3 "
2016,March,3 Southern Metro, Casey,"15,786 ","5,046.9 "
2016,March,3 Southern Metro, Frankston,"11,185 ","8,017.8 "
2016,March,3 Southern Metro, Glen Eira,"5,207 ","3,504.4 "
2016,March,3 Southern Metro, Greater Dandenong,"14,066 ","8,779.1 "
2016,March,3 Southern Metro, Kingston,"8,365 ","5,263.0 "
2016,March,3 Southern Metro, Mornington Peninsula,"8,590 ","5,318.0 "
2016,March,3 Southern Metro, Port Phillip,"9,867 ","9,083.4 "
2016,March,3 Southern Metro, Stonnington,"8,051 ","7,253.0 "
2016,March,3 Southern Metro,Total,"89,901 ","5,986.7 "
2016,March,4 Western, Ararat,879 ,"7,484.0 "
2016,March,4 Western, Ballarat,"9,034 ","8,728.5 "
2016,March,4 Western, Buloke,177 ,"2,816.7 "
2016,March,4 Western, Campaspe,"2,518 ","6,697.7 "
2016,March,4 Western, Central Goldfields,911 ,"6,961.1 "
2016,March,4 Western, Colac-Otway,"1,207 ","5,650.2 "
2016,March,4 Western, Corangamite,562 ,"3,460.0 "
2016,March,4 Western, Gannawarra,440 ,"4,163.9 "
2016,March,4 Western, Glenelg,"1,246 ","6,306.0 "
2016,March,4 Western, Golden Plains,600 ,"2,725.3 "
2016,March,4 Western, Greater Bendigo,"6,640 ","5,914.5 "
2016,March,4 Western, Greater Geelong,"16,888 ","7,050.5 "
2016,March,4 Western, Hepburn,612 ,"3,942.0 "
2016,March,4 Western, Hindmarsh,168 ,"2,904.6 "
2016,March,4 Western, Horsham,"2,035 ","10,234.4 "
2016,March,4 Western, Loddon,309 ,"4,088.4 "
2016,March,4 Western, Macedon Ranges,"1,617 ","3,405.6 "
2016,March,4 Western, Mildura,"4,699 ","8,597.1 "
2016,March,4 Western, Moorabool,"1,666 ","5,099.2 "
2016,March,4 Western, Mount Alexander,809 ,"4,236.3 "
2016,March,4 Western, Moyne,427 ,"2,551.2 "
2016,March,4 Western, Northern Grampians,824 ,"7,121.9 "
2016,March,4 Western, Pyrenees,414 ,"5,658.8 "
2016,March,4 Western, Queenscliffe,146 ,"4,984.6 "
2016,March,4 Western, Southern Grampians,851 ,"5,278.2 "
2016,March,4 Western, Surf Coast,"1,207 ","3,961.9 "
2016,March,4 Western, Swan Hill,"1,608 ","7,695.3 "
2016,March,4 Western, Warrnambool,"2,208 ","6,448.2 "
2016,March,4 Western, West Wimmera,115 ,"2,921.0 "
2016,March,4 Western, Yarriambiack,331 ,"4,908.8 "
2016,March,4 Western,Total,"61,148 ","6,319.7 "
2016,March,Justice Institutions and Immigration Facilities, Justice Institutions and Immigration Facilities,791 ,
2016,March,Justice Institutions and Immigration Facilities,Total,791 ,
2016,March,Unincorporated Vic, Unincorporated Vic,94 ,
2016,March,Unincorporated Vic,Total,94 ,
2015,March,1 North West Metro, Banyule,"6,578 ","5,217.0 "
2015,March,1 North West Metro, Brimbank,"13,734 ","6,837.6 "
2015,March,1 North West Metro, Darebin,"10,774 ","7,089.4 "
2015,March,1 North West Metro, Hobsons Bay,"5,373 ","5,861.0 "
2015,March,1 North West Metro, Hume,"13,486 ","6,805.1 "
2015,March,1 North West Metro, Maribyrnong,"6,438 ","7,593.5 "
2015,March,1 North West Metro, Melbourne,"23,659 ","17,285.5 "
2015,March,1 North West Metro, Melton,"7,501 ","5,559.8 "
2015,March,1 North West Metro, Moonee Valley,"6,487 ","5,395.4 "
2015,March,1 North West Metro, Moreland,"10,322 ","6,148.8 "
2015,March,1 North West Metro, Nillumbik,"1,653 ","2,596.0 "
2015,March,1 North West Metro, Whittlesea,"10,001 ","5,080.6 "
2015,March,1 North West Metro, Wyndham,"10,011 ","4,682.1 "
2015,March,1 North West Metro, Yarra,"9,697 ","10,783.7 "
2015,March,1 North West Metro,Total,"135,714 ","6,862.2 "
2015,March,2 Eastern, Alpine,299 ,"2,405.7 "
2015,March,2 Eastern, Bass Coast,"1,897 ","5,823.3 "
2015,March,2 Eastern, Baw Baw,"2,297 ","4,801.7 "
2015,March,2 Eastern, Benalla,789 ,"5,666.9 "
2015,March,2 Eastern, Boroondara,"5,636 ","3,225.1 "
2015,March,2 Eastern, East Gippsland,"2,941 ","6,554.8 "
2015,March,2 Eastern, Greater Shepparton,"5,576 ","8,646.4 "
2015,March,2 Eastern, Indigo,315 ,"1,978.4 "
2015,March,2 Eastern, Knox,"6,933 ","4,368.6 "
2015,March,2 Eastern, Latrobe,"8,084 ","10,885.2 "
2015,March,2 Eastern, Manningham,"3,146 ","2,604.6 "
2015,March,2 Eastern, Mansfield,326 ,"3,821.8 "
2015,March,2 Eastern, Maroondah,"5,614 ","4,967.1 "
2015,March,2 Eastern, Mitchell,"2,192 ","5,444.1 "
2015,March,2 Eastern, Moira,"1,078 ","3,680.7 "
2015,March,2 Eastern, Monash,"6,909 ","3,652.2 "
2015,March,2 Eastern, Murrindindi,478 ,"3,451.8 "
2015,March,2 Eastern, South Gippsland,952 ,"3,307.7 "
2015,March,2 Eastern, Strathbogie,322 ,"3,164.6 "
2015,March,2 Eastern, Towong,141 ,"2,348.0 "
2015,March,2 Eastern, Wangaratta,"1,634 ","5,806.1 "
2015,March,2 Eastern, Wellington,"2,868 ","6,643.2 "
2015,March,2 Eastern, Whitehorse,"5,651 ","3,390.3 "
2015,March,2 Eastern, Wodonga,"2,460 ","6,271.8 "
2015,March,2 Eastern, Yarra Ranges,"5,252 ","3,423.9 "
2015,March,2 Eastern,Total,"73,790 ","4,526.3 "
2015,March,3 Southern Metro, Bayside,"3,361 ","3,318.9 "
2015,March,3 Southern Metro, Cardinia,"3,944 ","4,273.1 "
2015,March,3 Southern Metro, Casey,"13,505 ","4,508.8 "
2015,March,3 Southern Metro, Frankston,"10,400 ","7,547.7 "
2015,March,3 Southern Metro, Glen Eira,"4,474 ","3,066.0 "
2015,March,3 Southern Metro, Greater Dandenong,"12,165 ","7,795.0 "
2015,March,3 Southern Metro, Kingston,"7,241 ","4,634.4 "
2015,March,3 Southern Metro, Mornington Peninsula,"7,366 ","4,637.6 "
2015,March,3 Southern Metro, Port Phillip,"9,157 ","8,607.7 "
2015,March,3 Southern Metro, Stonnington,"7,266 ","6,726.0 "
2015,March,3 Southern Metro,Total,"78,879 ","5,394.0 "
2015,March,4 Western, Ararat,860 ,"7,385.8 "
2015,March,4 Western, Ballarat,"7,825 ","7,711.0 "
2015,March,4 Western, Buloke,200 ,"3,171.6 "
2015,March,4 Western, Campaspe,"2,281 ","6,094.2 "
2015,March,4 Western, Central Goldfields,808 ,"6,239.4 "
2015,March,4 Western, Colac-Otway,"1,057 ","4,978.8 "
2015,March,4 Western, Corangamite,445 ,"2,734.4 "
2015,March,4 Western, Gannawarra,433 ,"4,109.7 "
2015,March,4 Western, Glenelg,"1,404 ","7,119.0 "
2015,March,4 Western, Golden Plains,490 ,"2,291.0 "
2015,March,4 Western, Greater Bendigo,"6,089 ","5,540.1 "
2015,March,4 Western, Greater Geelong,"14,781 ","6,345.8 "
2015,March,4 Western, Hepburn,500 ,"3,260.7 "
2015,March,4 Western, Hindmarsh,152 ,"2,617.1 "
2015,March,4 Western, Horsham,"1,672 ","8,447.9 "
2015,March,4 Western, Loddon,251 ,"3,332.9 "
2015,March,4 Western, Macedon Ranges,"1,420 ","3,062.1 "
2015,March,4 Western, Mildura,"4,627 ","8,543.8 "
2015,March,4 Western, Moorabool,"1,517 ","4,778.3 "
2015,March,4 Western, Mount Alexander,682 ,"3,628.8 "
2015,March,4 Western, Moyne,448 ,"2,700.3 "
2015,March,4 Western, Northern Grampians,769 ,"6,604.3 "
2015,March,4 Western, Pyrenees,352 ,"4,903.2 "
2015,March,4 Western, Queenscliffe,106 ,"3,614.0 "
2015,March,4 Western, Southern Grampians,679 ,"4,201.2 "
2015,March,4 Western, Surf Coast,901 ,"3,041.4 "
2015,March,4 Western, Swan Hill,"1,642 ","7,859.1 "
2015,March,4 Western, Warrnambool,"2,008 ","5,905.0 "
2015,March,4 Western, West Wimmera,80 ,"2,013.1 "
2015,March,4 Western, Yarriambiack,207 ,"3,032.5 "
2015,March,4 Western,Total,"54,686 ","5,749.4 "
2015,March,Justice Institutions and Immigration Facilities, Justice Institutions and Immigration Facilities,748 ,
2015,March,Justice Institutions and Immigration Facilities,Total,748 ,
2015,March,Unincorporated Vic, Unincorporated Vic,98 ,
2015,March,Unincorporated Vic,Total,98 ,
2014,March,1 North West Metro, Banyule,"6,839 ","5,466.5 "
2014,March,1 North West Metro, Brimbank,"15,091 ","7,603.7 "
2014,March,1 North West Metro, Darebin,"10,718 ","7,168.7 "
2014,March,1 North West Metro, Hobsons Bay,"5,444 ","6,021.0 "
2014,March,1 North West Metro, Hume,"12,658 ","6,617.6 "
2014,March,1 North West Metro, Maribyrnong,"6,947 ","8,424.4 "
2014,March,1 North West Metro, Melbourne,"24,818 ","19,392.9 "
2014,March,1 North West Metro, Melton,"7,196 ","5,565.0 "
2014,March,1 North West Metro, Moonee Valley,"6,371 ","5,410.0 "
2014,March,1 North West Metro, Moreland,"9,810 ","5,978.1 "
2014,March,1 North West Metro, Nillumbik,"1,596 ","2,516.0 "
2014,March,1 North West Metro, Whittlesea,"10,184 ","5,419.9 "
2014,March,1 North West Metro, Wyndham,"10,258 ","5,090.5 "
2014,March,1 North West Metro, Yarra,"9,792 ","11,225.8 "
2014,March,1 North West Metro,Total,"137,722 ","7,186.3 "
2014,March,2 Eastern, Alpine,355 ,"2,873.3 "
2014,March,2 Eastern, Bass Coast,"2,079 ","6,513.8 "
2014,March,2 Eastern, Baw Baw,"2,251 ","4,825.9 "
2014,March,2 Eastern, Benalla,859 ,"6,180.7 "
2014,March,2 Eastern, Boroondara,"5,967 ","3,455.9 "
2014,March,2 Eastern, East Gippsland,"3,047 ","6,881.7 "
2014,March,2 Eastern, Greater Shepparton,"5,348 ","8,366.8 "
2014,March,2 Eastern, Indigo,365 ,"2,320.1 "
2014,March,2 Eastern, Knox,"7,316 ","4,647.0 "
2014,March,2 Eastern, Latrobe,"7,729 ","10,425.7 "
2014,March,2 Eastern, Manningham,"3,209 ","2,686.8 "
2014,March,2 Eastern, Mansfield,338 ,"4,026.2 "
2014,March,2 Eastern, Maroondah,"5,847 ","5,247.7 "
2014,March,2 Eastern, Mitchell,"2,013 ","5,150.4 "
2014,March,2 Eastern, Moira,"1,164 ","4,000.0 "
2014,March,2 Eastern, Monash,"7,082 ","3,804.5 "
2014,March,2 Eastern, Murrindindi,565 ,"4,128.0 "
2014,March,2 Eastern, South Gippsland,894 ,"3,134.5 "
2014,March,2 Eastern, Strathbogie,369 ,"3,683.4 "
2014,March,2 Eastern, Towong,214 ,"3,577.4 "
2014,March,2 Eastern, Wangaratta,"1,730 ","6,209.2 "
2014,March,2 Eastern, Wellington,"2,893 ","6,736.1 "
2014,March,2 Eastern, Whitehorse,"5,804 ","3,532.1 "
2014,March,2 Eastern, Wodonga,"2,348 ","6,119.5 "
2014,March,2 Eastern, Yarra Ranges,"5,294 ","3,483.6 "
2014,March,2 Eastern,Total,"75,080 ","4,662.7 "
2014,March,3 Southern Metro, Bayside,"3,420 ","3,427.0 "
2014,March,3 Southern Metro, Cardinia,"4,291 ","4,872.3 "
2014,March,3 Southern Metro, Casey,"12,311 ","4,275.6 "
2014,March,3 Southern Metro, Frankston,"11,254 ","8,264.0 "
2014,March,3 Southern Metro, Glen Eira,"4,644 ","3,231.9 "
2014,March,3 Southern Metro, Greater Dandenong,"12,609 ","8,288.0 "
2014,March,3 Southern Metro, Kingston,"7,520 ","4,876.5 "
2014,March,3 Southern Metro, Mornington Peninsula,"7,834 ","5,005.8 "
2014,March,3 Southern Metro, Port Phillip,"8,802 ","8,426.9 "
2014,March,3 Southern Metro, Stonnington,"7,432 ","7,018.3 "
2014,March,3 Southern Metro,Total,"80,117 ","5,607.0 "
2014,March,4 Western, Ararat,852 ,"7,370.2 "
2014,March,4 Western, Ballarat,"8,179 ","8,186.0 "
2014,March,4 Western, Buloke,186 ,"2,936.1 "
2014,March,4 Western, Campaspe,"2,150 ","5,758.2 "
2014,March,4 Western, Central Goldfields,802 ,"6,224.8 "
2014,March,4 Western, Colac-Otway,"1,130 ","5,347.6 "
2014,March,4 Western, Corangamite,505 ,"3,090.6 "
2014,March,4 Western, Gannawarra,444 ,"4,214.9 "
2014,March,4 Western, Glenelg,"1,262 ","6,388.3 "
2014,March,4 Western, Golden Plains,393 ,"1,880.5 "
2014,March,4 Western, Greater Bendigo,"6,143 ","5,690.3 "
2014,March,4 Western, Greater Geelong,"14,129 ","6,203.9 "
2014,March,4 Western, Hepburn,531 ,"3,497.1 "
2014,March,4 Western, Hindmarsh,175 ,"2,994.5 "
2014,March,4 Western, Horsham,"1,443 ","7,307.1 "
2014,March,4 Western, Loddon,259 ,"3,447.4 "
2014,March,4 Western, Macedon Ranges,"1,465 ","3,221.8 "
2014,March,4 Western, Mildura,"4,712 ","8,768.6 "
2014,March,4 Western, Moorabool,"1,471 ","4,735.1 "
2014,March,4 Western, Mount Alexander,608 ,"3,286.3 "
2014,March,4 Western, Moyne,457 ,"2,767.7 "
2014,March,4 Western, Northern Grampians,679 ,"5,765.5 "
2014,March,4 Western, Pyrenees,347 ,"4,924.1 "
2014,March,4 Western, Queenscliffe,88 ,"2,963.0 "
2014,March,4 Western, Southern Grampians,887 ,"5,456.8 "
2014,March,4 Western, Surf Coast,"1,026 ","3,553.4 "
2014,March,4 Western, Swan Hill,"1,519 ","7,254.1 "
2014,March,4 Western, Warrnambool,"1,913 ","5,671.7 "
2014,March,4 Western, West Wimmera,136 ,"3,368.0 "
2014,March,4 Western, Yarriambiack,214 ,"3,090.7 "
2014,March,4 Western,Total,"54,105 ","5,764.9 "
2014,March,Justice Institutions and Immigration Facilities, Justice Institutions and Immigration Facilities,"1,000 ",
2014,March,Justice Institutions and Immigration Facilities,Total,"1,000 ",
2014,March,Unincorporated Vic, Unincorporated Vic,67 ,
2014,March,Unincorporated Vic,Total,67 ,
2013,March,1 North West Metro, Banyule,"5,694 ","4,580.3 "
2013,March,1 North West Metro, Brimbank,"15,478 ","7,890.1 "
2013,March,1 North West Metro, Darebin,"9,204 ","6,249.7 "
2013,March,1 North West Metro, Hobsons Bay,"5,856 ","6,565.9 "
2013,March,1 North West Metro, Hume,"11,833 ","6,400.6 "
2013,March,1 North West Metro, Maribyrnong,"7,139 ","8,948.1 "
2013,March,1 North West Metro, Melbourne,"24,484 ","20,624.9 "
2013,March,1 North West Metro, Melton,"6,763 ","5,456.8 "
2013,March,1 North West Metro, Moonee Valley,"6,822 ","5,908.3 "
2013,March,1 North West Metro, Moreland,"9,507 ","5,931.4 "
2013,March,1 North West Metro, Nillumbik,"1,509 ","2,388.6 "
2013,March,1 North West Metro, Whittlesea,"9,715 ","5,419.1 "
2013,March,1 North West Metro, Wyndham,"10,678 ","5,613.8 "
2013,March,1 North West Metro, Yarra,"8,789 ","10,467.8 "
2013,March,1 North West Metro,Total,"133,471 ","7,189.0 "
2013,March,2 Eastern, Alpine,293 ,"2,385.4 "
2013,March,2 Eastern, Bass Coast,"1,781 ","5,684.5 "
2013,March,2 Eastern, Baw Baw,"2,119 ","4,644.2 "
2013,March,2 Eastern, Benalla,768 ,"5,533.9 "
2013,March,2 Eastern, Boroondara,"5,805 ","3,405.0 "
2013,March,2 Eastern, East Gippsland,"2,851 ","6,507.8 "
2013,March,2 Eastern, Greater Shepparton,"4,657 ","7,363.5 "
2013,March,2 Eastern, Indigo,339 ,"2,172.4 "
2013,March,2 Eastern, Knox,"6,596 ","4,218.8 "
2013,March,2 Eastern, Latrobe,"7,487 ","10,100.6 "
2013,March,2 Eastern, Manningham,"2,867 ","2,422.3 "
2013,March,2 Eastern, Mansfield,255 ,"3,081.2 "
2013,March,2 Eastern, Maroondah,"5,107 ","4,652.0 "
2013,March,2 Eastern, Mitchell,"1,927 ","5,099.5 "
2013,March,2 Eastern, Moira,"1,030 ","3,563.4 "
2013,March,2 Eastern, Monash,"6,482 ","3,537.1 "
2013,March,2 Eastern, Murrindindi,455 ,"3,354.7 "
2013,March,2 Eastern, South Gippsland,927 ,"3,278.7 "
2013,March,2 Eastern, Strathbogie,376 ,"3,810.7 "
2013,March,2 Eastern, Towong,182 ,"3,053.2 "
2013,March,2 Eastern, Wangaratta,"1,676 ","6,061.5 "
2013,March,2 Eastern, Wellington,"2,830 ","6,624.4 "
2013,March,2 Eastern, Whitehorse,"5,606 ","3,458.8 "
2013,March,2 Eastern, Wodonga,"2,441 ","6,496.3 "
2013,March,2 Eastern, Yarra Ranges,"4,970 ","3,293.5 "
2013,March,2 Eastern,Total,"69,827 ","4,387.0 "
2013,March,3 Southern Metro, Bayside,"3,414 ","3,474.7 "
2013,March,3 Southern Metro, Cardinia,"3,886 ","4,593.9 "
2013,March,3 Southern Metro, Casey,"11,748 ","4,225.5 "
2013,March,3 Southern Metro, Frankston,"10,437 ","7,768.5 "
2013,March,3 Southern Metro, Glen Eira,"4,599 ","3,255.7 "
2013,March,3 Southern Metro, Greater Dandenong,"11,817 ","7,957.5 "
2013,March,3 Southern Metro, Kingston,"7,119 ","4,673.2 "
2013,March,3 Southern Metro, Mornington Peninsula,"7,164 ","4,651.9 "
2013,March,3 Southern Metro, Port Phillip,"8,996 ","8,806.1 "
2013,March,3 Southern Metro, Stonnington,"7,116 ","6,876.2 "
2013,March,3 Southern Metro,Total,"76,296 ","5,461.6 "
2013,March,4 Western, Ararat,871 ,"7,580.5 "
2013,March,4 Western, Ballarat,"7,783 ","7,914.1 "
2013,March,4 Western, Buloke,215 ,"3,365.7 "
2013,March,4 Western, Campaspe,"2,187 ","5,877.0 "
2013,March,4 Western, Central Goldfields,808 ,"6,305.1 "
2013,March,4 Western, Colac-Otway,"1,088 ","5,172.3 "
2013,March,4 Western, Corangamite,491 ,"2,992.1 "
2013,March,4 Western, Gannawarra,401 ,"3,809.6 "
2013,March,4 Western, Glenelg,"1,035 ","5,228.1 "
2013,March,4 Western, Golden Plains,395 ,"1,939.9 "
2013,March,4 Western, Greater Bendigo,"5,736 ","5,413.5 "
2013,March,4 Western, Greater Geelong,"13,096 ","5,863.3 "
2013,March,4 Western, Hepburn,515 ,"3,428.3 "
2013,March,4 Western, Hindmarsh,198 ,"3,383.5 "
2013,March,4 Western, Horsham,"1,315 ","6,677.2 "
2013,March,4 Western, Loddon,325 ,"4,323.0 "
2013,March,4 Western, Macedon Ranges,"1,326 ","2,973.4 "
2013,March,4 Western, Mildura,"4,484 ","8,435.5 "
2013,March,4 Western, Moorabool,"1,386 ","4,557.7 "
2013,March,4 Western, Mount Alexander,624 ,"3,419.7 "
2013,March,4 Western, Moyne,490 ,"2,982.2 "
2013,March,4 Western, Northern Grampians,663 ,"5,580.8 "
2013,March,4 Western, Pyrenees,260 ,"3,747.5 "
2013,March,4 Western, Queenscliffe,86 ,"2,864.8 "
2013,March,4 Western, Southern Grampians,787 ,"4,812.0 "
2013,March,4 Western, Surf Coast,"1,058 ","3,748.1 "
2013,March,4 Western, Swan Hill,"1,349 ","6,422.9 "
2013,March,4 Western, Warrnambool,"1,825 ","5,460.3 "
2013,March,4 Western, West Wimmera,121 ,"2,934.0 "
2013,March,4 Western, Yarriambiack,265 ,"3,768.5 "
2013,March,4 Western,Total,"51,183 ","5,523.7 "
2013,March,Justice Institutions and Immigration Facilities, Justice Institutions and Immigration Facilities,853 ,
2013,March,Justice Institutions and Immigration Facilities,Total,853 ,
2013,March,Unincorporated Vic, Unincorporated Vic,109 ,
2013,March,Unincorporated Vic,Total,109 ,
2012,March,1 North West Metro, Banyule,"5,741 ","4,645.4 "
2012,March,1 North West Metro, Brimbank,"14,550 ","7,508.7 "
2012,March,1 North West Metro, Darebin,"9,761 ","6,732.4 "
2012,March,1 North West Metro, Hobsons Bay,"5,068 ","5,737.0 "
2012,March,1 North West Metro, Hume,"11,125 ","6,208.1 "
2012,March,1 North West Metro, Maribyrnong,"7,105 ","9,205.9 "
2012,March,1 North West Metro, Melbourne,"23,799 ","22,122.6 "
2012,March,1 North West Metro, Melton,"6,381 ","5,392.6 "
2012,March,1 North West Metro, Moonee Valley,"6,158 ","5,417.3 "
2012,March,1 North West Metro, Moreland,"9,061 ","5,772.6 "
2012,March,1 North West Metro, Nillumbik,"1,396 ","2,218.2 "
2012,March,1 North West Metro, Whittlesea,"9,215 ","5,420.8 "
2012,March,1 North West Metro, Wyndham,"10,068 ","5,620.5 "
2012,March,1 North West Metro, Yarra,"9,065 ","11,154.5 "
2012,March,1 North West Metro,Total,"128,493 ","7,150.7 "
2012,March,2 Eastern, Alpine,330 ,"2,708.7 "
2012,March,2 Eastern, Bass Coast,"1,661 ","5,390.9 "
2012,March,2 Eastern, Baw Baw,"1,879 ","4,221.9 "
2012,March,2 Eastern, Benalla,748 ,"5,401.1 "
2012,March,2 Eastern, Boroondara,"5,578 ","3,310.7 "
2012,March,2 Eastern, East Gippsland,"2,374 ","5,479.0 "
2012,March,2 Eastern, Greater Shepparton,"5,174 ","8,270.2 "
2012,March,2 Eastern, Indigo,392 ,"2,536.6 "
2012,March,2 Eastern, Knox,"6,287 ","4,045.5 "
2012,March,2 Eastern, Latrobe,"6,963 ","9,409.0 "
2012,March,2 Eastern, Manningham,"2,846 ","2,423.4 "
2012,March,2 Eastern, Mansfield,236 ,"2,914.7 "
2012,March,2 Eastern, Maroondah,"4,939 ","4,554.8 "
2012,March,2 Eastern, Mitchell,"1,776 ","4,881.3 "
2012,March,2 Eastern, Moira,"1,189 ","4,146.5 "
2012,March,2 Eastern, Monash,"6,298 ","3,492.8 "
2012,March,2 Eastern, Murrindindi,464 ,"3,448.3 "
2012,March,2 Eastern, South Gippsland,881 ,"3,154.8 "
2012,March,2 Eastern, Strathbogie,354 ,"3,633.0 "
2012,March,2 Eastern, Towong,178 ,"2,996.6 "
2012,March,2 Eastern, Wangaratta,"1,726 ","6,290.5 "
2012,March,2 Eastern, Wellington,"2,419 ","5,699.1 "
2012,March,2 Eastern, Whitehorse,"5,308 ","3,324.5 "
2012,March,2 Eastern, Wodonga,"2,470 ","6,719.6 "
2012,March,2 Eastern, Yarra Ranges,"5,012 ","3,344.4 "
2012,March,2 Eastern,Total,"67,482 ","4,289.6 "
2012,March,3 Southern Metro, Bayside,"3,238 ","3,339.1 "
2012,March,3 Southern Metro, Cardinia,"3,468 ","4,312.3 "
2012,March,3 Southern Metro, Casey,"11,077 ","4,114.2 "
2012,March,3 Southern Metro, Frankston,"9,374 ","7,091.1 "
2012,March,3 Southern Metro, Glen Eira,"4,490 ","3,227.5 "
2012,March,3 Southern Metro, Greater Dandenong,"11,047 ","7,612.5 "
2012,March,3 Southern Metro, Kingston,"6,874 ","4,569.4 "
2012,March,3 Southern Metro, Mornington Peninsula,"7,092 ","4,675.0 "
2012,March,3 Southern Metro, Port Phillip,"8,296 ","8,304.9 "
2012,March,3 Southern Metro, Stonnington,"7,115 ","7,016.1 "
2012,March,3 Southern Metro,Total,"72,071 ","5,274.1 "
2012,March,4 Western, Ararat,855 ,"7,500.0 "
2012,March,4 Western, Ballarat,"8,450 ","8,735.8 "
2012,March,4 Western, Buloke,231 ,"3,590.3 "
2012,March,4 Western, Campaspe,"2,039 ","5,504.7 "
2012,March,4 Western, Central Goldfields,686 ,"5,395.6 "
2012,March,4 Western, Colac-Otway,"1,088 ","5,205.2 "
2012,March,4 Western, Corangamite,518 ,"3,145.1 "
2012,March,4 Western, Gannawarra,409 ,"3,896.0 "
2012,March,4 Western, Glenelg,"1,170 ","5,901.6 "
2012,March,4 Western, Golden Plains,329 ,"1,678.2 "
2012,March,4 Western, Greater Bendigo,"5,207 ","5,011.3 "
2012,March,4 Western, Greater Geelong,"13,016 ","5,939.3 "
2012,March,4 Western, Hepburn,540 ,"3,642.5 "
2012,March,4 Western, Hindmarsh,177 ,"3,022.0 "
2012,March,4 Western, Horsham,"1,288 ","6,568.7 "
2012,March,4 Western, Loddon,326 ,"4,329.9 "
2012,March,4 Western, Macedon Ranges,"1,189 ","2,715.0 "
2012,March,4 Western, Mildura,"4,404 ","8,392.6 "
2012,March,4 Western, Moorabool,"1,156 ","3,936.9 "
2012,March,4 Western, Mount Alexander,715 ,"3,960.6 "
2012,March,4 Western, Moyne,482 ,"2,956.3 "
2012,March,4 Western, Northern Grampians,730 ,"6,098.6 "
2012,March,4 Western, Pyrenees,195 ,"2,842.6 "
2012,March,4 Western, Queenscliffe,103 ,"3,369.3 "
2012,March,4 Western, Southern Grampians,825 ,"5,011.8 "
2012,March,4 Western, Surf Coast,"1,132 ","4,111.9 "
2012,March,4 Western, Swan Hill,"1,338 ","6,380.2 "
2012,March,4 Western, Warrnambool,"1,791 ","5,417.6 "
2012,March,4 Western, West Wimmera,101 ,"2,396.8 "
2012,March,4 Western, Yarriambiack,280 ,"3,946.4 "
2012,March,4 Western,Total,"50,770 ","5,556.5 "
2012,March,Justice Institutions and Immigration Facilities, Justice Institutions and Immigration Facilities,772 ,
2012,March,Justice Institutions and Immigration Facilities,Total,772 ,
2012,March,Unincorporated Vic, Unincorporated Vic,119 ,
2012,March,Unincorporated Vic,Total,119 ,
2011,March,1 North West Metro, Banyule,"5,616 ","4,566.5 "
2011,March,1 North West Metro, Brimbank,"13,086 ","6,833.6 "
2011,March,1 North West Metro, Darebin,"9,031 ","6,317.9 "
2011,March,1 North West Metro, Hobsons Bay,"4,683 ","5,358.4 "
2011,March,1 North West Metro, Hume,"10,630 ","6,099.0 "
2011,March,1 North West Metro, Maribyrnong,"6,945 ","9,241.0 "
2011,March,1 North West Metro, Melbourne,"25,591 ","25,529.7 "
2011,March,1 North West Metro, Melton,"5,334 ","4,735.3 "
2011,March,1 North West Metro, Moonee Valley,"5,923 ","5,279.9 "
2011,March,1 North West Metro, Moreland,"8,667 ","5,618.9 "
2011,March,1 North West Metro, Nillumbik,"1,449 ","2,310.4 "
2011,March,1 North West Metro, Whittlesea,"8,034 ","4,996.3 "
2011,March,1 North West Metro, Wyndham,"8,729 ","5,236.4 "
2011,March,1 North West Metro, Yarra,"9,016 ","11,426.7 "
2011,March,1 North West Metro,Total,"122,734 ","7,042.8 "
2011,March,2 Eastern, Alpine,305 ,"2,527.3 "
2011,March,2 Eastern, Bass Coast,"1,803 ","5,963.7 "
2011,March,2 Eastern, Baw Baw,"1,616 ","3,724.4 "
2011,March,2 Eastern, Benalla,784 ,"5,673.8 "
2011,March,2 Eastern, Boroondara,"5,298 ","3,171.3 "
2011,March,2 Eastern, East Gippsland,"2,693 ","6,288.2 "
2011,March,2 Eastern, Greater Shepparton,"4,774 ","7,731.9 "
2011,March,2 Eastern, Indigo,374 ,"2,441.7 "
2011,March,2 Eastern, Knox,"6,258 ","4,047.2 "
2011,March,2 Eastern, Latrobe,"6,263 ","8,487.8 "
2011,March,2 Eastern, Manningham,"2,867 ","2,455.7 "
2011,March,2 Eastern, Mansfield,360 ,"4,532.9 "
2011,March,2 Eastern, Maroondah,"5,088 ","4,740.8 "
2011,March,2 Eastern, Mitchell,"2,105 ","5,996.3 "
2011,March,2 Eastern, Moira,"1,156 ","4,069.6 "
2011,March,2 Eastern, Monash,"6,795 ","3,831.5 "
2011,March,2 Eastern, Murrindindi,470 ,"3,524.6 "
2011,March,2 Eastern, South Gippsland,912 ,"3,314.9 "
2011,March,2 Eastern, Strathbogie,328 ,"3,417.4 "
2011,March,2 Eastern, Towong,178 ,"3,007.8 "
2011,March,2 Eastern, Wangaratta,"1,625 ","5,971.6 "
2011,March,2 Eastern, Wellington,"2,370 ","5,633.7 "
2011,March,2 Eastern, Whitehorse,"5,212 ","3,308.4 "
2011,March,2 Eastern, Wodonga,"2,113 ","5,865.4 "
2011,March,2 Eastern, Yarra Ranges,"5,057 ","3,396.2 "
2011,March,2 Eastern,Total,"66,804 ","4,293.7 "
2011,March,3 Southern Metro, Bayside,"2,896 ","3,012.9 "
2011,March,3 Southern Metro, Cardinia,"3,227 ","4,255.5 "
2011,March,3 Southern Metro, Casey,"10,894 ","4,169.4 "
2011,March,3 Southern Metro, Frankston,"9,691 ","7,434.6 "
2011,March,3 Southern Metro, Glen Eira,"4,702 ","3,428.3 "
2011,March,3 Southern Metro, Greater Dandenong,"11,071 ","7,787.3 "
2011,March,3 Southern Metro, Kingston,"6,889 ","4,645.2 "
2011,March,3 Southern Metro, Mornington Peninsula,"7,009 ","4,695.5 "
2011,March,3 Southern Metro, Port Phillip,"8,617 ","8,858.3 "
2011,March,3 Southern Metro, Stonnington,"7,396 ","7,481.8 "
2011,March,3 Southern Metro,Total,"72,392 ","5,416.1 "
2011,March,4 Western, Ararat,789 ,"6,966.3 "
2011,March,4 Western, Ballarat,"7,710 ","8,100.0 "
2011,March,4 Western, Buloke,280 ,"4,331.0 "
2011,March,4 Western, Campaspe,"1,941 ","5,266.6 "
2011,March,4 Western, Central Goldfields,781 ,"6,208.8 "
2011,March,4 Western, Colac-Otway,"1,103 ","5,303.1 "
2011,March,4 Western, Corangamite,545 ,"3,297.8 "
2011,March,4 Western, Gannawarra,546 ,"5,223.4 "
2011,March,4 Western, Glenelg,"1,268 ","6,388.6 "
2011,March,4 Western, Golden Plains,339 ,"1,788.2 "
2011,March,4 Western, Greater Bendigo,"4,847 ","4,752.2 "
2011,March,4 Western, Greater Geelong,"12,106 ","5,608.9 "
2011,March,4 Western, Hepburn,521 ,"3,561.4 "
2011,March,4 Western, Hindmarsh,155 ,"2,646.9 "
2011,March,4 Western, Horsham,"1,448 ","7,416.9 "
2011,March,4 Western, Loddon,300 ,"3,975.6 "
2011,March,4 Western, Macedon Ranges,"1,231 ","2,870.6 "
2011,March,4 Western, Mildura,"4,657 ","8,986.5 "
2011,March,4 Western, Moorabool,"1,033 ","3,603.1 "
2011,March,4 Western, Mount Alexander,654 ,"3,659.4 "
2011,March,4 Western, Moyne,451 ,"2,789.6 "
2011,March,4 Western, Northern Grampians,848 ,"7,035.0 "
2011,March,4 Western, Pyrenees,244 ,"3,610.0 "
2011,March,4 Western, Queenscliffe,99 ,"3,234.2 "
2011,March,4 Western, Southern Grampians,771 ,"4,652.7 "
2011,March,4 Western, Surf Coast,991 ,"3,716.3 "
2011,March,4 Western, Swan Hill,"1,544 ","7,400.0 "
2011,March,4 Western, Warrnambool,"1,929 ","5,905.0 "
2011,March,4 Western, West Wimmera,91 ,"2,122.7 "
2011,March,4 Western, Yarriambiack,260 ,"3,619.7 "
2011,March,4 Western,Total,"49,482 ","5,486.4 "
2011,March,Justice Institutions and Immigration Facilities, Justice Institutions and Immigration Facilities,667 ,
2011,March,Justice Institutions and Immigration Facilities,Total,667 ,
2011,March,Unincorporated Vic, Unincorporated Vic,170 ,
2011,March,Unincorporated Vic,Total,170 ,
