X,Y,FID,LabelName,OpsName,Type,StreetNum,RoadName,RoadType,RoadSuffix,CampusCode,LGAName,LocalityNa,Postcode,VicgovRegi,State,ServiceNam
144.983398682,-37.809680632,1,East Melbourne Specialist Day Hospital,EAST MELBOURNE DAY HOSPITAL,PRIVATE,23,CLARENDON,STREET, ,8280,MELBOURNE, ,3002,NWMR,VIC, 
145.149300001,-37.9514,2,Windsor Avenue Day Surgery,WINDSOR AVENUE DAY SURGERY,PRIVATE,17,WINDSOR,AVENUE, ,7050,GREATER DANDENONG, ,3171,SMR,VIC, 
145.344652704,-38.034580487,3,Hyperbaric Health Wound Centre Berwick,HYPERBARIC HEALTH - BERWICK,PRIVATE,3,GIBB,STREET, ,7100,CASEY, ,3806,SMR,VIC, 
143.832286088,-37.5405525589999,4,Ballarat Day Procedure Centre,BALLARAT DAY PROCEDURE CENTRE,PRIVATE,1117-1123,HOWITT,STREET, ,8430,BALLARAT, ,3355,Gram,VIC, 
145.143379256,-38.148188631,5,Bayside Day Procedure and Specialist Centre,BAYSIDE DAY PROCEDURE CENTRE,PRIVATE,141,CRANBOURNE,ROAD, ,7310,FRANKSTON, ,3199,SMR,VIC, 
144.261500001,-36.7619,6,Bendigo Day Surgery,BENDIGO DAY SURGERY,PRIVATE,1-7,CHUM,STREET, ,8950,GREATER BENDIGO, ,3555,LMR,VIC, 
145.041233056,-37.920124647,7,Bentleigh Surgicentre,SURGICENTRE - BENTLEIGH,PRIVATE,157,JASPER,ROAD, ,8940,GLEN EIRA, ,3204,SMR,VIC, 
145.346518632,-38.0334962709999,8,Berwick Surgicentre,SURGICENTRE AND EYE -BERWICK,PRIVATE,22,LANGMORE,LANE, ,6240,CASEY, ,3806,SMR,VIC, 
144.991817088,-37.912559647,9,Brighton Plastic Surgery Centre,BRIGHTON PLASTIC SURGERY,PRIVATE,206,NEW,STREET, ,8980,BAYSIDE, ,3186,SMR,VIC, 
145.061878664,-37.692572759,10,Victorian Gut Centre,BUNDOORA ENDOSCOPY CENTRE,PRIVATE,119,PLENTY,ROAD, ,7580,WHITTLESEA, ,3083,NWMR,VIC, 
145.056802441,-37.960466975,11,Chesterville Day Hospital,CHESTERVILLE DAY HOSPITAL,PRIVATE,28,CHESTERVILLE,ROAD, ,7850,KINGSTON, ,3192,SMR,VIC, 
144.964771095,-37.745016703,12,Coburg Endoscopy Centre,COBURG ENDOSCOPY CENTRE,PRIVATE,15,MUNRO,STREET, ,8530,MORELAND, ,3058,NWMR,VIC, 
145.22330092,-37.974247407,13,Dandenong Eye Clinic & Day Surgery Centre,DANDENONG DAY SURGERY CENTRE,PRIVATE,1-3,FALKINER,CRESCENT, ,7770,GREATER DANDENONG, ,3175,SMR,VIC, 
145.017576357,-37.781101118,14,Darebin Endoscopy Services,DAREBIN ENDOSCOPY SERVICES,PRIVATE,42,STATION,STREET, ,7510,DAREBIN, ,3078,NWMR,VIC, 
145.107587928,-37.705328607,15,Diaverum Diamond Valley Dialysis Clinic,DIAVERUM - DIAMOND VALLEY,PRIVATE,15,GRIMSHAW,STREET, ,7380,BANYULE, ,3088,NWMR,VIC, 
144.939908272,-37.7886787269999,16,Diaverum North Melbourne Dialysis Clinic,DIAVERUM - NORTH MELBOURNE,PRIVATE,185,BOUNDARY,ROAD, ,6390,MELBOURNE, ,3051,NWMR,VIC, 
145.22750216,-37.819783894,17,Eastside Endoscopy Centre,EASTSIDE ENDOSCOPY CENTRE,PRIVATE,33,WANTIRNA,ROAD, ,7360,MAROONDAH, ,3134,EMR,VIC, 
144.923638185,-37.7657934119999,18,Essendon Private Clinic,ESSENDON DAY PROCEDURE CENTRE,PRIVATE,665,MOUNT ALEXANDER,ROAD, ,6180,MOONEE VALLEY, ,3039,NWMR,VIC, 
145.0192142,-37.9004347109999,19,Glen Eira Day Surgery,GLEN EIRA DAY SURGERY,PRIVATE,544,HAWTHORN,ROAD, ,8460,GLEN EIRA, ,3162,SMR,VIC, 
145.094025608,-37.858089255,20,Glen Iris Private,GLEN IRIS PRIVATE,PRIVATE,314,WARRIGAL,ROAD, ,8900,BOROONDARA, ,3146,EMR,VIC, 
145.060172603,-37.7304918569999,21,Heidelberg Endoscopy and Day Surgery Centre,HEIDELBERG ENDOSCOPY CENTRE,PRIVATE,177-179,NORTHERN,ROAD, ,7400,BANYULE, ,3081,NWMR,VIC, 
144.828482514,-37.8696479119999,22,Altona Endoscopy Centre,HOBSONS BAY ENDO - ALTONA,PRIVATE,3-5,SARGOOD,STREET, ,8270,HOBSONS BAY, ,3018,NWMR,VIC, 
144.686700002,-37.8905,23,Werribee Endoscopy Centre,HOBSONS BAY ENDO - WERRIBEE,PRIVATE,179,PRINCES,HIGHWAY, ,7830,WYNDHAM, ,3030,NWMR,VIC, 
145.0449,-37.767,24,Ivanhoe Endoscopy Centre,IVANHOE ENDOSCOPY CENTRE,PRIVATE,226,UPPER HEIDELBERG,ROAD, ,6410,BANYULE, ,3079,NWMR,VIC, 
144.978671592,-37.816765351,25,Jolimont Endoscopy Centre,JOLIMONT ENDOSCOPY CENTRE,PRIVATE,201,WELLINGTON,PARADE,S,7970,MELBOURNE, ,3002,NWMR,VIC, 
145.030500002,-37.8515,26,Malvern Dialysis Clinic,MALVERN DIALYSIS CLINIC,PRIVATE,1133,MALVERN,ROAD, ,8960,STONNINGTON, ,3144,SMR,VIC, 
145.115199998,-37.773099999,27,Manningham Day Procedure Centre,MANNINGHAM DAY CENTRE,PRIVATE,503/200,HIGH,STREET, ,7140,MANNINGHAM, ,3107,EMR,VIC, 
145.030400001,-37.8878,28,Melbourne Day Surgery Centre,MELBOURNE DAY SURGERY CENTRE,PRIVATE,961,GLEN HUNTLY,ROAD, ,6990,GLEN EIRA, ,3162,SMR,VIC, 
144.979099996,-37.844599998,29,Melbourne Endoscopy,MELBOURNE ENDOSCOPY CENTRE,PRIVATE,517,ST KILDA,ROAD, ,6960,MELBOURNE, ,3004,NWMR,VIC, 
144.363215184,-38.151073031,30,Monash IVF Geelong,MONASH IVF GEELONG,PRIVATE,73-79,LITTLE RYRIE,STREET, ,8200,GREATER GEELONG, ,3220,BSW,VIC, 
145.1897,-37.9670999969999,31,Noble Park Endoscopy Centre,NOBLE PARK ENDOSCOPY CENTRE,PRIVATE,1304,HEATHERTON,ROAD, ,6680,GREATER DANDENONG, ,3174,SMR,VIC, 
144.909379608,-37.7711542709999,32,Northwest Day Hospital,NORTHWEST DAY HOSPITAL,PRIVATE,221,MARIBYRNONG,ROAD, ,8850,MOONEE VALLEY, ,3032,NWMR,VIC, 
144.998099998,-37.717599998,33,Reservoir Private Hospital Day Procedure Centre,RESERVOIR DAY PROCEDURE CENTRE,PRIVATE,73-75,PINE,STREET, ,6610,DAREBIN, ,3073,NWMR,VIC, 
144.883647464,-38.36183865,34,Rosebud SurgiCentre,SURGICENTRE - ROSEBUD,PRIVATE,1537,POINT NEPEAN,ROAD, ,7730,MORNINGTON PENINSULA, ,3940,SMR,VIC, 
144.941,-37.814499999,35,Specialist Surgicentre Docklands,SPECIALIST DOCKLANDS,PRIVATE,22,RAKAIA,WAY, ,7950,MELBOURNE, ,3008,NWMR,VIC, 
145.149599999,-37.949499998,36,Springvale Endoscopy Centre and Day Hospital,SPRINGVALE ENDOSCOPY,PRIVATE,20,BALMORAL,AVENUE, ,6900,GREATER DANDENONG, ,3171,SMR,VIC, 
144.779399998,-37.7439999979999,37,St Albans Endoscopy Centre,ST ALBANS ENDOSCOPY CENTRE,PRIVATE,328-330,STATION,ROAD, ,7171,BRIMBANK, ,3021,NWMR,VIC, 
144.982199997,-37.8731,38,St Kilda Day Hospital,ST KILDA DAY HOSPITAL,PRIVATE,26A,DICKENS,STREET, ,7120,PORT PHILLIP, ,3184,SMR,VIC, 
145.039398792,-37.8636534309999,39,Stonnington Day Surgery,STONNINGTON DAY SURGERY,PRIVATE,253,WATTLETREE,ROAD, ,7260,STONNINGTON, ,3144,SMR,VIC, 
145.017829848,-37.870213151,40,Precision Ascend Rehabilitation Centre,BAYSIDE SURGERY CENTRE,PRIVATE,73,KOOYONG,ROAD, ,7180,GLEN EIRA, ,3161,SMR,VIC, 
145.216202,-37.977330191,41,The Digestive Health Centre,THE DIGESTIVE HEALTH CENTRE,PRIVATE,90,DAVID,STREET, ,7780,GREATER DANDENONG, ,3175,SMR,VIC, 
145.16518096,-37.884642399,42,The Glen Endoscopy Centre,THE GLEN ENDOSCOPY CENTRE,PRIVATE,302,SPRINGVALE,ROAD, ,8340,MONASH, ,3150,EMR,VIC, 
145.02828244,-37.8639688389999,43,Toorak - Malvern Day Surgery Centre,TOORAK - MALVERN DAY SURGERY,PRIVATE,30-32,GLENFERRIE,ROAD, ,7680,STONNINGTON, ,3144,SMR,VIC, 
145.008,-37.8414,44,Toorak Cosmetic Surgery Day Centre,TOORAK COSMETIC SURGERY,PRIVATE,109,MATHOURA,ROAD, ,6270,STONNINGTON, ,3142,SMR,VIC, 
145.0555,-37.8324999989999,45,Vision Day Surgery Camberwell,VISION DAY SURGERY CAMBERWELL,PRIVATE,25-27,DENMARK HILL,ROAD, ,7750,BOROONDARA, ,3123,EMR,VIC, 
145.119551352,-37.8176926309999,46,Vision Day Surgery Eastern,VISION DAY SURGERY EASTERN,PRIVATE,852,WHITEHORSE,ROAD, ,7040,WHITEHORSE, ,3128,EMR,VIC, 
144.980300002,-37.8505999989999,47,Vision Laser St Kilda Road,VISION LASER ST KILDA ROAD,PRIVATE,600-602,ST KILDA,ROAD, ,7010,PORT PHILLIP, ,3004,SMR,VIC, 
145.146617949,-37.880349914,48,Waverley Endoscopy,WAVERLEY ENDOSCOPY,PRIVATE,301,BLACKBURN,ROAD, ,7880,MONASH, ,3149,EMR,VIC, 
144.679748208,-37.877485479,49,Westpoint Endoscopy Day Hospital,WESTPOINT ENDOSCOPY HOSPITAL,PRIVATE,243,HEATHS,ROAD, ,7540,WYNDHAM, ,3030,NWMR,VIC, 
144.81626276,-37.761030607,50,Sunshine Private Day Surgery,WESTERN DAY SURGERY,PRIVATE,145,FURLONG,ROAD, ,8870,BRIMBANK, ,3021,NWMR,VIC, 
144.885387208,-37.791980644,51,Western Gastroenterology Services,WESTERN GASTROENTEROLOGY,PRIVATE,30,ELEANOR,STREET, ,8210,MARIBYRNONG, ,3011,NWMR,VIC, 
144.749600001,-37.579799997,52,Goonawarra Day Hospital,GOONAWARRA DAY HOSPITAL,PRIVATE,11,DORNOCH,DRIVE, ,7250,HUME, ,3429,NWMR,VIC, 
144.9837,-37.8251,53,Imaging@Olympic Park,OLYMPIC PARK IMAGING,PRIVATE,60,OLYMPIC,BOULEVARD, ,8260,MELBOURNE, ,3004,NWMR,VIC, 
144.758625808,-37.6933507269999,54,Sydenham Day Surgery,HOBSONS BAY ENDO - SYDENHAM,PRIVATE,566,MELTON,HIGHWAY, ,8290,BRIMBANK, ,3037,NWMR,VIC, 
144.998063928,-37.8560853349999,55,Windsor Private Hospital,WINDSOR PRIVATE HOSPITAL,PRIVATE,20-22,THE AVENUE, , ,8840,STONNINGTON, ,3181,SMR,VIC, 
145.049616496,-38.2254341669999,56,Beleura Private Hospital,BELEURA PRIVATE HOSPITAL,PRIVATE,925,NEPEAN,HIGHWAY, ,6500,MORNINGTON PENINSULA, ,3931,SMR,VIC, 
145.155272552,-37.832849159,57,Bellbird Private Hospital,BELLBIRD PRIVATE HOSPITAL,PRIVATE,198,CANTERBURY,ROAD, ,6650,WHITEHORSE, ,3130,EMR,VIC, 
144.971707312,-37.7564819749999,58,Brunswick Private Hospital,BRUNSWICK PRIVATE HOSPITAL,PRIVATE,82,MORELAND,ROAD, ,6220,MORELAND, ,3056,NWMR,VIC, 
144.987547928,-37.8156620469999,59,Epworth Cliveden,EPWORTH HOSPITAL - CLIVEDEN,PRIVATE,29-37,SIMPSON,STREET, ,6730,MELBOURNE, ,3002,NWMR,VIC, 
145.072836472,-37.990622623,60,Como Private Hospital,COMO PRIVATE HOSPITAL,PRIVATE,152-156,COMO,PARADE,W,7740,KINGSTON, ,3195,SMR,VIC, 
145.048299998,-37.808699998,61,Cotham Private Hospital,COTHAM PRIVATE HOSPITAL,PRIVATE,209,COTHAM,ROAD, ,6920,BOROONDARA, ,3101,EMR,VIC, 
145.0942,-37.857299998,62,Delmont Private Hospital,DELMONT PRIVATE HOSPITAL,PRIVATE,298-308,WARRIGAL,ROAD, ,8090,BOROONDARA, ,3146,EMR,VIC, 
145.17149148,-37.7899940469999,63,Donvale Rehabilitation Hospital,DONVALE REHAB HOSPITAL,PRIVATE,1119-1121,DONCASTER,ROAD, ,7110,MANNINGHAM, ,3109,EMR,VIC, 
144.947400052,-37.7232293009999,64,Dorset Rehabilitation Centre,DORSET REHAB CENTRE,PRIVATE,146,DERBY,STREET, ,6810,MORELAND, ,3044,NWMR,VIC, 
144.9841,-37.810699998,65,Epworth Freemasons,EPWORTH HOSPITAL - FREEMASONS,PRIVATE,166,CLARENDON,STREET, ,6470,MELBOURNE, ,3002,NWMR,VIC, 
144.992871568,-37.817659191,66,Epworth Richmond,EPWORTH HOSPITAL - RICHMOND,PRIVATE,89,BRIDGE,ROAD, ,6490,YARRA, ,3121,NWMR,VIC, 
145.002592432,-37.913689263,67,Epworth Rehabilitation Brighton,EPWORTH REHAB - BRIGHTON,PRIVATE,85-93,WILSON,STREET, ,6830,BAYSIDE, ,3186,SMR,VIC, 
145.05463256,-37.8459430309999,68,Epworth Rehabilitation Camberwell,EPWORTH REHAB - CAMBERWELL,PRIVATE,888,TOORAK,ROAD, ,6710,BOROONDARA, ,3124,EMR,VIC, 
144.954762776,-37.7989582559999,69,Frances Perry House,FRANCES PERRY HOUSE,PRIVATE,20,FLEMINGTON,ROAD, ,7720,MELBOURNE, ,3052,NWMR,VIC, 
144.364397952,-38.151035319,70,Geelong Private Hospital,GEELONG PRIVATE HOSPITAL,PRIVATE,56-58,BELLERINE,STREET, ,7960,GREATER GEELONG, ,3220,BSW,VIC, 
145.030915656,-37.819345023,71,Glenferrie Private Hospital,GLENFERRIE PRIVATE HOSPITAL,PRIVATE,29,HILDA,CRESCENT, ,8800,BOROONDARA, ,3122,EMR,VIC, 
145.120837296,-37.920863391,72,Jessie McPherson Private Hospital,JESSIE MCPHERSON HOSPITAL,PRIVATE,246,CLAYTON,ROAD, ,8890,MONASH, ,3168,EMR,VIC, 
144.958300002,-37.7545999989999,73,John Fawkner Private Hospital,JOHN FAWKNER PRIVATE HOSPITAL,PRIVATE,275,MORELAND,ROAD, ,8550,MORELAND, ,3058,NWMR,VIC, 
145.227695065,-37.848903559,74,Knox Private Hospital,KNOX PRIVATE HOSPITAL,PRIVATE,262,MOUNTAIN,HIGHWAY, ,6400,KNOX, ,3152,EMR,VIC, 
145.003730002,-37.942431175,75,Linacre Private Hospital,LINACRE PRIVATE HOSPITAL,PRIVATE,12-16,LINACRE,ROAD, ,6880,BAYSIDE, ,3188,SMR,VIC, 
145.081118092,-37.827452432,76,Linley Clinic,LINLEY CLINIC,PRIVATE,25,BRYSON,STREET, ,6250,BOROONDARA, ,3126,EMR,VIC, 
145.060800001,-37.8671,77,Malvern Private Hospital,MALVERN PRIVATE HOSPITAL,PRIVATE,3-9,WILTON VALE,CRESCENT, ,6420,STONNINGTON, ,3145,SMR,VIC, 
146.418700002,-38.2151000009999,78,Maryvale Private Hospital,MARYVALE PRIVATE HOSPITAL,PRIVATE,286,MARYVALE,ROAD, ,7090,LATROBE, ,3840,Gipp,VIC, 
145.0031,-37.8698,79,Masada Private Hospital,MASADA PRIVATE HOSPITAL,PRIVATE,24-48,BALACLAVA,ROAD, ,7910,GLEN EIRA, ,3183,SMR,VIC, 
142.145300001,-34.184799998,80,Mildura Health Private Hospital,MILDURA PRIVATE HOSPITAL,PRIVATE,220-228,THIRTEENTH,STREET, ,7930,MILDURA, ,3500,LMR,VIC, 
145.194296624,-37.8104804869999,81,Mitcham Private Hospital,MITCHAM PRIVATE HOSPITAL,PRIVATE,25-27,DONCASTER EAST,ROAD, ,8440,WHITEHORSE, ,3132,EMR,VIC, 
145.120599999,-37.921799998,82,Monash Surgical Private Hospital,MONASH SURGICAL HOSPITAL,PRIVATE,252-256,CLAYTON,ROAD, ,6320,MONASH, ,3168,EMR,VIC, 
146.876100004,-36.138599998,83,Murray Valley Private Hospital,MURRAY VALLEY PRIVATE HOSPITAL,PRIVATE,2/69,NORDSVAN,DRIVE, ,6570,WODONGA, ,3690,HUME,VIC, 
145.031199999,-37.7633999989999,84,North Eastern Rehabilitation Centre,NORTH EASTERN REHAB CENTRE,PRIVATE,134-146,FORD,STREET, ,7070,BANYULE, ,3079,NWMR,VIC, 
145.061899998,-37.6913,85,Northpark Private Hospital,NORTHPARK PRIVATE HOSPITAL,PRIVATE,10,GREENHILLS,ROAD, ,7390,WHITTLESEA, ,3083,NWMR,VIC, 
145.170108601,-38.1578075269999,86,Peninsula Private Hospital,PENINSULA PRIVATE HOSPITAL,PRIVATE,525,MCCLELLAND,DRIVE, ,6790,FRANKSTON, ,3910,SMR,VIC, 
145.243900001,-37.8113999989999,87,Ringwood Private Hospital,RINGWOOD PRIVATE HOSPITAL,PRIVATE,36,MT DANDENONG,ROAD, ,7810,MAROONDAH, ,3135,EMR,VIC, 
145.410800002,-36.3592999969999,88,Shepparton Private Hospital,SHEPPARTON PRIVATE HOSPITAL,PRIVATE,20,FITZGERALD,STREET, ,7840,GREATER SHEPPARTON, ,3630,HUME,VIC, 
145.121699997,-37.918399999,89,Sir John Monash Private Hospital,SIR JOHN MONASH HOSPITAL,PRIVATE,212-220,CLAYTON,ROAD, ,6930,MONASH, ,3168,EMR,VIC, 
145.192500002,-37.965699999,90,South Eastern Private Hospital,SOUTH EASTERN PRIVATE HOSPITAL,PRIVATE,313-329,PRINCES,HIGHWAY, ,7350,GREATER DANDENONG, ,3174,SMR,VIC, 
145.213299997,-37.9699999979999,91,St John of God Pinelodge Clinic,ST JOHN OF GOD - PINELODGE,PRIVATE,1480-1486,HEATHERTON,ROAD, ,6780,GREATER DANDENONG, ,3175,SMR,VIC, 
144.984461416,-37.8119288789999,92,St Vincent's Private Hospital East Melbourne,ST VINCENTS PRIVATE HOSPITAL - EAST MLB,PRIVATE,159,GREY,STREET, ,6450,MELBOURNE, ,3002,NWMR,VIC, 
144.976038248,-37.8078547269999,93,St Vincent's Private Hospital Fitzroy,ST VINCENTS PRIVATE HOSPITAL - FITZROY,PRIVATE,59-61,VICTORIA,PARADE, ,6620,YARRA, ,3065,NWMR,VIC, 
144.972136736,-37.8342979989999,94,Albert Road Clinic,ALBERT ROAD CLINIC,PRIVATE,31-33,ALBERT,ROAD, ,6950,PORT PHILLIP, ,3004,SMR,VIC, 
145.041363408,-38.2229698309999,95,The Bays Hospital - Mornington,THE BAYS PRIVATE HOSPITAL,PRIVATE,4,VALE,STREET, ,6291,MORNINGTON PENINSULA, ,3931,SMR,VIC, 
144.393200002,-38.182,96,The Geelong Clinic,GEELONG CLINIC,PRIVATE,94-102,TOWNSEND,ROAD, ,6530,GREATER GEELONG, ,3219,BSW,VIC, 
145.044500267,-37.716536763,97,Hyperbaric Health Wound Centre Bundoora,HYPERBARIC HEALTH BUNDOORA,PRIVATE,920,PLENTY,ROAD, ,7340,DAREBIN, ,3083,NWMR,VIC, 
145.194203392,-37.811338295,98,Mitcham Private Hospital,MITCHAM PRIVATE HOSPITAL,PRIVATE,36,DONCASTER EAST,ROAD, ,8440,WHITEHORSE, ,3132,EMR,VIC, 
145.00783551,-37.7468041889999,99,Panch Day Surgery Centre,PANCH DAY SURGERY CENTRE,PRIVATE,84-90,HOTHAM,STREET, ,8320,DAREBIN, ,3072,NWMR,VIC, 
145.345287776,-38.0452789829999,100,Casey Radiation Oncology Centre,CASEY RADIATION ONCOLOGY CENTRE,PRIVATE,2/55,KANGAN,DRIVE, ,8250,CASEY, ,3806,SMR,VIC, 
145.268299997,-37.8555000009999,101,The Melbourne Eastern Private Hospital,MELBOURNE EASTERN HOSPITAL,PRIVATE,153-159,SCORESBY,ROAD, ,6970,KNOX, ,3155,EMR,VIC, 
145.213100001,-37.938799999,102,The Valley Private Hospital,VALLEY PRIVATE HOSPITAL,PRIVATE,535-559,POLICE,ROAD, ,6200,MONASH, ,3170,EMR,VIC, 
144.997199997,-37.848099998,103,The Victoria Clinic,VICTORIA CLINIC,PRIVATE,320-324,MALVERN,ROAD, ,6230,STONNINGTON, ,3181,SMR,VIC, 
145.1621446,-37.898374207,104,The Victorian Rehabilitation Centre,VICTORIAN REHAB CENTRE,PRIVATE,499,SPRINGVALE,ROAD, ,7870,MONASH, ,3150,EMR,VIC, 
145.024,-37.8064999979999,105,St Vincent's Private Hospital Kew,ST VINCENTS PRIVATE HOSPITAL - KEW,PRIVATE,5,STUDLEY,AVENUE, ,6890,BOROONDARA, ,3101,EMR,VIC, 
146.312200002,-36.349199998,106,Wangaratta Private Hospital,WANGARATTA PRIVATE HOSPITAL,PRIVATE,134-150,TEMPLETON,STREET, ,6750,WANGARATTA, ,3677,HUME,VIC, 
145.0603,-37.755099999,107,Warringal Private Hospital,WARRINGAL PRIVATE HOSPITAL,PRIVATE,216,BURGUNDY,STREET, ,6910,BANYULE, ,3084,NWMR,VIC, 
145.1457,-37.884699999,108,Waverley Private Hospital,WAVERLEY PRIVATE HOSPITAL,PRIVATE,343-357,BLACKBURN,ROAD, ,6600,MONASH, ,3149,EMR,VIC, 
144.885643037,-37.793056931,109,Western Private Hospital,WESTERN PRIVATE HOSPITAL,PRIVATE,1-9,MARION,STREET, ,6800,MARIBYRNONG, ,3011,NWMR,VIC, 
145.022854104,-37.8213096869999,110,Epworth Hawthorn,EPWORTH HOSPITAL - HAWTHORN,PRIVATE,46-52,BURWOOD,ROAD, ,6720,BOROONDARA, ,3122,EMR,VIC, 
145.007937592,-37.9065615109999,111,Mandometer Brighton,MANDOMETER BRIGHTON,PRIVATE,412-414,BAY,STREET, ,6060,BAYSIDE, ,3186,SMR,VIC, 
144.97499844,-37.8084896629999,112,Victoria Parade Surgery Centre,VICTORIA PARADE SURGERY,PRIVATE,100,VICTORIA,PARADE, ,8860,MELBOURNE, ,3002,NWMR,VIC, 
145.036657327,-37.9330522069999,113,Bayside Endoscopy Day Hospital,BAYSIDE ENDOSCOPY DAY HOSPITAL,PRIVATE,437-441,SOUTH,ROAD, ,6690,GLEN EIRA, ,3204,SMR,VIC, 
145.262957432,-37.841896783,114,Bayswater Day Procedure and Specialist Centre,BAYSWATER DAY PROCEDURE CENTRE,PRIVATE,664,MOUNTAIN,HIGHWAY, ,8190,KNOX, ,3153,EMR,VIC, 
145.216910223,-37.977232783,115,Corymbia House Day Hospital,CORYMBIA HOUSE,PRIVATE,92-94,DAVID,STREET, ,7890,GREATER DANDENONG, ,3175,SMR,VIC, 
144.986306672,-37.8163014309999,116,East Melbourne Day Procedure Centre,EAST MELBOURNE DAY CENTRE,PRIVATE,114-116,WELLINGTON,PARADE, ,7160,MELBOURNE, ,3002,NWMR,VIC, 
145.133100003,-38.154399998,117,Frankston Private Hospital,FRANKSTON PRIVATE HOSPITAL,PRIVATE,26,FRANKSTON-FLINDERS,ROAD, ,7900,FRANKSTON, ,3199,SMR,VIC, 
145.062399998,-37.794399998,118,Kew Endoscopy,KEW ENDOSCOPY CENTRE,PRIVATE,828,HIGH,STREET, ,7020,BOROONDARA, ,3102,EMR,VIC, 
145.007700004,-37.860199998,119,Marie Stopes International East St Kilda,MARIE STOPES - ST KILDA EAST,PRIVATE,338,DANDENONG,ROAD, ,6430,PORT PHILLIP, ,3183,SMR,VIC, 
145.1202,-37.921399999,120,Melbourne Endoscopy Monash Day Procedure Centre,MELBOURNE ENDOSCOPY MONASH,PRIVATE,277-279,CLAYTON,ROAD, ,6310,MONASH, ,3168,EMR,VIC, 
144.971435752,-37.814567503,121,Melbourne Oral and Facial Surgery,MELBOURNE ORAL FACIAL SURGERY,PRIVATE,63,EXHIBITION,STREET, ,7150,MELBOURNE, ,3000,NWMR,VIC, 
145.105300002,-37.8680999979999,122,Skin Cancer Day Surgery,SKIN CANCER DAY SURGERY,PRIVATE,19,CLEVELAND,ROAD, ,6380,MONASH, ,3147,EMR,VIC, 
145.132,-38.1460000009999,123,"Southern Eye Centre, Day Surgery & Laser Clinic",SOUTHERN EYE CENTRE,PRIVATE,42-44,CRANBOURNE,ROAD, ,8720,FRANKSTON, ,3199,SMR,VIC, 
144.3662,-38.149099997,124,Specialist Surgicentre Geelong,SPECIALIST GEELONG,PRIVATE,200,MALOP,STREET, ,8930,GREATER GEELONG, ,3220,BSW,VIC, 
145.28877374,-37.8089880279999,125,Marie Stopes International Maroondah,MARIE STOPES - MAROONDAH,PRIVATE,415,DORSET,ROAD, ,7710,MAROONDAH, ,3136,EMR,VIC, 
145.2685,-38.0315,126,The Hampton Park Women's Health Care Centre,HAMPTON PARK WOMENS,PRIVATE,4,WARANA,DRIVE, ,6110,CASEY, ,3976,SMR,VIC, 
144.895099998,-37.8005000009999,127,Vision Day Surgery Footscray,VISION DAY SURGERY FOOTSCRAY,PRIVATE,89,PAISLEY,STREET, ,8810,MARIBYRNONG, ,3011,NWMR,VIC, 
144.833830632,-37.719665343,128,Keilor Private,KEILOR PRIVATE,PRIVATE,12A,KENNEDY,STREET, ,7790,BRIMBANK, ,3036,NWMR,VIC, 
144.991530192,-37.911889991,129,Cabrini Brighton,CABRINI HOSPITAL - BRIGHTON,PRIVATE,237-243,NEW,STREET, ,6513,BAYSIDE, ,3186,SMR,VIC, 
145.010137296,-37.884970703,130,Cabrini Hopetoun Rehabilitation,CABRINI REHAB - HOPETOUN,PRIVATE,2-6,HOPETOUN,STREET, ,6514,GLEN EIRA, ,3185,SMR,VIC, 
145.033558712,-37.862464496,131,Cabrini Malvern,CABRINI HOSPITAL - MALVERN,PRIVATE,183,WATTLETREE,ROAD, ,6511,STONNINGTON, ,3144,SMR,VIC, 
145.008873007,-37.854120199,132,Cabrini Prahran,CABRINI HOSPITAL - PRAHRAN,PRIVATE,646-646A,HIGH,STREET, ,6512,STONNINGTON, ,3181,SMR,VIC, 
145.009321488,-37.885529391,133,Cabrini Health Elsternwick Rehabilitation,CABRINI REHAB - ELSTERNWICK,PRIVATE,494-498,GLEN HUNTLY,ROAD, ,6840,GLEN EIRA, ,3185,SMR,VIC, 
145.119557192,-37.814553567,134,Epworth Eastern,EPWORTH HOSPITAL - EASTERN,PRIVATE,1,ARNOLD,STREET, ,7370,WHITEHORSE, ,3128,EMR,VIC, 
144.88538144,-37.7484670869999,135,The Essendon Private Hospital,ESSENDON PRIVATE HOSPITAL,PRIVATE,35,ROSEHILL,ROAD, ,6300,MOONEE VALLEY, ,3040,NWMR,VIC, 
145.018830232,-37.868941311,136,Melbourne MediBrain and MediSleep Centre,MELBOURNE MEDIBRAIN CENTRE,PRIVATE,631,INKERMAN,ROAD, ,8420,GLEN EIRA, ,3161,SMR,VIC, 
144.957099996,-37.7989999979999,137,Melbourne Private Hospital,MELBOURNE PRIVATE HOSPITAL,PRIVATE,1F,ROYAL,PARADE, ,6770,MELBOURNE, ,3052,NWMR,VIC, 
143.847599998,-37.5575,138,St John of God Ballarat Hospital,ST JOHN OF GOD - BALLARAT,PRIVATE,101,DRUMMOND,STREET,N,6520,BALLARAT, ,3350,Gram,VIC, 
144.264001256,-36.762076927,139,St John of God Bendigo Hospital,ST JOHN OF GOD - BENDIGO,PRIVATE,133-145,LILY,STREET, ,6030,GREATER BENDIGO, ,3550,LMR,VIC, 
145.344700001,-38.0346,140,St John of God Berwick Hospital,ST JOHN OF GOD - BERWICK,PRIVATE,3,GIBB,STREET, ,6080,CASEY, ,3806,SMR,VIC, 
144.357813768,-38.1513006549999,141,St John of God Geelong Hospital,ST JOHN OF GOD - GEELONG,PRIVATE,80,MYERS,STREET, ,6550,GREATER GEELONG, ,3220,BSW,VIC, 
142.479400002,-38.3711999989999,142,St John of God Warrnambool Hospital,ST JOHN OF GOD - WARRNAMBOOL,PRIVATE,136,BOTANIC,ROAD, ,6100,WARRNAMBOOL, ,3280,BSW,VIC, 
145.156325559,-38.152963784,143,St John of God Frankston Rehabilitation Hospital,ST JOHN OF GOD - REHAB,PRIVATE,251-265,CRANBOURNE,ROAD, ,7280,FRANKSTON, ,3199,SMR,VIC, 
144.998499997,-37.855,144,The Avenue Hospital,THE AVENUE PRIVATE HOSPITAL,PRIVATE,40,THE AVENUE, , ,6210,STONNINGTON, ,3181,SMR,VIC, 
144.999650535,-37.814762671,145,The Melbourne Clinic,MELBOURNE CLINIC,PRIVATE,130,CHURCH,STREET, ,7290,YARRA, ,3121,NWMR,VIC, 
144.222672818,-37.599180765,146,Ballan District Health & Care,BALLAN BUSH NURSING HOSPITAL,PRIVATE,33,COWIE,STREET, ,6070,MOORABOOL, ,3342,Gram,VIC, 
145.570093469,-36.7591702629999,147,Euroa Health Inc,EUROA HEALTH,PRIVATE,36,KENNEDY,STREET, ,6170,STRATHBOGIE, ,3666,HUME,VIC, 
146.78366847,-37.9768257009999,148,Heyfield Hospital Incorporated,HEYFIELD HOSPITAL,PRIVATE,14-16,LICOLA,ROAD, ,7220,WELLINGTON, ,3858,Gipp,VIC, 
145.150144164,-36.781004133,149,Nagambie HealthCare,NAGAMBIE HEALTHCARE,PRIVATE,22,CHURCH,STREET, ,6330,STRATHBOGIE, ,3608,HUME,VIC, 
145.954086167,-38.022075011,150,Neerim District Health Service,NEERIM DISTRICT HEALTH SERVICES,PRIVATE,29-39,MAIN NEERIM,ROAD, ,6350,BAW BAW, ,3831,Gipp,VIC, 
145.314367723,-38.024709882,151,Casey Day Procedure and Specialist Centre,CASEY DAY PROCEDURE,PRIVATE,30-32,VERDUN,DRIVE, ,8450,CASEY, ,3805,SMR,VIC, 
145.043928715,-38.227743007,152,Mornington Endoscopy,MORNINGTON ENDOSCOPY,PRIVATE,350,MAIN,Street, ,7060,MORNINGTON PENINSULA, ,3931,SMR,VIC, 
145.133065424,-38.1544180239999,153,Frankston Radiation Oncology Centre,FRANKSTON RADIATION ONCOLOGY,PRIVATE,26,FRANKSTON-FLINDERS,ROAD, ,8231,FRANKSTON, ,3199,SMR,VIC, 
145.243516376,-37.8112482889999,154,Ringwood Radiation Oncology Centre,RINGWOOD RADIATION ONCOLOGY,PRIVATE,36,MT DANDENONG,ROAD, ,8232,MAROONDAH, ,3135,EMR,VIC, 
144.968002951,-37.804812195,155,Skin & Cancer Foundation Incorporated,SKIN AND CANCER FOUNDATION,PRIVATE,80,DRUMMOND,STREET, ,7130,MELBOURNE, ,3053,NWMR,VIC, 
145.343015021,-38.032777051,156,The Victorian Cosmetic Institute,VICTORIA COSMETIC INST,PRIVATE,1/18-24A,CLYDE,ROAD, ,7330,CASEY, ,3806,SMR,VIC, 
144.885656528,-37.793074823,157,Western Radiation Oncology Centre,WESTERN RADIATION ONCOLOGY,PRIVATE,1-9,MARION,STREET, ,8240,MARIBYRNONG, ,3011,NWMR,VIC, 
144.700756619,-37.8870367339999,158,Wyndham Clinic,WYNDHAM CLINIC,PRIVATE,242A,HOPPERS,LANE, ,7300,WYNDHAM, ,3030,NWMR,VIC, 
145.009204633,-37.650054344,159,Epping Radiation Oncology Centre,EPPING RADIATION ONCOLOGY,PRIVATE,230,COOPER,STREET, ,8230,WHITTLESEA, ,3076,NWMR,VIC, 
145.166402576,-37.836285351,160,Forest Hill Dialysis Clinic,FOREST HILL DIALYSIS,PRIVATE,69,MAHONEYS,ROAD, ,8180,WHITEHORSE, ,3131,EMR,VIC, 
145.044500267,-37.716536763,161,La Trobe Private Hospital,LA TROBE PRIVATE HOSPITAL,PRIVATE,920,PLENTY,ROAD, ,6020,DAREBIN, ,3083,NWMR,VIC, 
143.851985075,-37.543074802,162,Ballarat Surgicentre,BALLARAT SURGICENTRE,PRIVATE,5-9,WOOD,STREET, ,8350,BALLARAT, ,3350,Gram,VIC, 
145.345292215,-38.045261092,163,St John of God Berwick Day Oncology Centre,ST JOHN OF GOD - BERWICK ONCOLOGY,PRIVATE,1/55,KANGAN,DRIVE, ,6090,CASEY, ,3806,SMR,VIC, 
145.134567173,-38.0337139129999,164,Chelsea Heights Day Surgery & Endoscopy,CHELSEA HEIGHTS ENDOSCOPY,PRIVATE,93,WELLS,ROAD, ,6120,KINGSTON, ,3196,SMR,VIC, 
144.304939536,-38.1942255189999,165,Epworth Geelong,EPWORTH HOSPITAL - GEELONG,PRIVATE,1,EPWORTH,PLACE, ,6480,GREATER GEELONG, ,3216,BSW,VIC, 
144.832525116,-37.77769001,166,Dr Scope,DR SCOPE,PRIVATE,493,BALLARAT,ROAD, ,6130,BRIMBANK, ,3020,NWMR,VIC, 
145.120288373,-37.92090583,167,Monash House Private Hospital,MONASH HOUSE PRIVATE HOSPITAL,PRIVATE,271,CLAYTON,ROAD, ,6360,MONASH, ,3168,EMR,VIC, 
142.474001358,-38.3806233409999,168,South West Regional Cancer Centre,EPWORTH STH WEST REGIONAL CANCER CENTRE,PRIVATE,26,RYOT,STREET, ,6340,WARRNAMBOOL, ,3280,BSW,VIC, 
145.199579168,-37.8585649199999,169,Vermont Private Hospital,VERMONT PRIVATE HOSPITAL,PRIVATE,645-647,BURWOOD,HWY, ,6370,WHITEHORSE, ,3133,EMR,VIC, 
145.05006848,-37.9354050709999,170,Holmesglen Private Hospital,HOLMESGLEN PRIVATE HOSPITAL,PRIVATE,488-490,SOUTH,ROAD, ,6440,KINGSTON, ,3189,SMR,VIC, 
144.98228787,-37.809287329,171,Epworth Freemasons,FREEMASONS MEDICAL CENTRE - EAST MLB,PRIVATE,320,VICTORIA,PARADE, ,6470,MELBOURNE, ,3002,NWMR,VIC, 
144.815997176,-37.7610450949999,172,Fresenius Medical Care Sunshine Dialysis Clinic,FRESENIUS SUNSHINE DIALYSIS,PRIVATE,147-149,FURLONG,ROAD, ,7410,BRIMBANK, ,3021,NWMR,VIC, 
144.974563648,-37.807697375,173,Genesis Care Radiation Oncology Centre St Vincent's Hospital Melbourne,GENESIS CARE ST VINCENTS,PRIVATE,41,VICTORIA,PARADE, ,8234,YARRA, ,3065,NWMR,VIC, 
142.142899998,-34.1854999989999,174,Mildura Base Hospital,MILDURA BASE PUBLIC HOSPITAL,PRIVATE,216-240,ONTARIO,AVENUE, ,2320,MILDURA, ,3500,LMR,VIC, 
145.033598658,-37.8623273009999,175,Genesis Care Radiation Oncology Centre - Cabrini Malvern,GENESIS CARE CABRINI MALVERN,PRIVATE,183,WATTLETREE,ROAD, ,0,STONNINGTON, ,3144,SMR,VIC, 
145.0167,-37.882399998,176,Caulfield General Medical Centre,CAULFIELD PUBLIC HOSPITAL,PUBLIC,260,KOOYONG,ROAD, ,1370,Glen Eira (C),CAULFIELD,3162,SMR,VIC,Alfred Health
146.983400002,-37.961199998,177,Central Gippsland Health Service (Maffra),MAFFRA PUBLIC HOSPITAL,PUBLIC,42-48,KENT,STREET, ,2580,Wellington (S),MAFFRA,3860,Gipp,VIC,Central Gippsland Health Service
147.080799997,-38.108,178,Central Gippsland Health Service (Sale),SALE PUBLIC HOSPITAL,PUBLIC,155,GUTHRIDGE,PARADE, ,2060,Wellington (S),SALE,3850,Gipp,VIC,Central Gippsland Health Service
145.651199996,-35.9164999979999,179,Cobram District Health,COBRAM PUBLIC HOSPITAL,PUBLIC,24-32,BROADWAY,STREET, ,5120,Moira (S),COBRAM,3644,HUME,VIC,Cobram District Health
144.214699999,-35.800299997,180,Cohuna District Hospital,COHUNA PUBLIC HOSPITAL,PUBLIC,144-158,KING GEORGE,STREET, ,2130,Gannawarra (S),COHUNA,3568,LMR,VIC,Cohuna District Hospital
143.583899997,-38.341499998,181,Colac Area Health,COLAC PUBLIC HOSPITAL,PUBLIC,12,CONNOR,STREET, ,1130,Colac-Otway (S),COLAC,3250,BSW,VIC,Colac Area Health
144.919799998,-37.5964,182,Craigieburn Health Service,CRAIGIEBURN PUBLIC HOSPITAL,PUBLIC,274-304,CRAIGIEBURN,ROAD, ,3670,Hume (C),CRAIGIEBURN,3064,NWMR,VIC,Northern Health
145.280400001,-38.1132000009999,183,Cranbourne Integrated Care Centre,CRANBOURNE PUBLIC HOSPITAL,PUBLIC,140-154,SLADEN,STREET, ,2650,Casey (C),CRANBOURNE,3977,SMR,VIC,Monash Health
145.218500003,-37.977,184,Dandenong Hospital,DANDENONG PUBLIC HOSPITAL,PUBLIC,135,DAVID,STREET, ,2111,Greater Dandenong (C),DANDENONG,3175,SMR,VIC,Monash Health
144.964500002,-37.799299999,185,Royal Dental Hospital (Melbourne),ROYAL DENTAL HOSPITAL,PUBLIC,720,SWANSTON,STREET, ,5110,Melbourne (C),CARLTON,3053,NWMR,VIC,Dental Health Service Victoria
144.432499997,-37.678100001,186,Djerriwarrh Health Services (Bacchus Marsh),BACCHUS MARSH PUBLIC HOSPITAL,PUBLIC,29-35,GRANT,STREET, ,3020,Moorabool (S),BACCHUS MARSH,3340,Gram,VIC,Djerriwarrh Health Service
142.631590189,-36.6366547019999,187,West Wimmera Health Service (Rupanyup),RUPANYUP PUBLIC HOSPITAL,PUBLIC,89-91,CROMIE,STREET, ,2210,Yarriambiack (S),RUPANYUP,3388,Gram,VIC,West Wimmera Health Service
142.932300001,-37.2787000009999,188,East Grampians Health Service (Ararat),ARARAT PUBLIC HOSPITAL,PUBLIC,9-29,GIRDLESTONE,STREET, ,1101,Ararat (RC),ARARAT,3377,Gram,VIC,East Grampians Health Service
142.745899998,-37.5450999989999,189,East Grampians Health Service (Willaura),WILLAURA PUBLIC HOSPITAL,PUBLIC,21,DELACOMBE,WAY, ,1102,Ararat (RC),WILLAURA,3379,Gram,VIC,East Grampians Health Service
142.915899999,-35.980199999,190,East Wimmera Health Service (Birchip),BIRCHIP PUBLIC HOSPITAL,PUBLIC,24-26,DUNCAN,STREET, ,4120,Buloke (S),BIRCHIP,3483,LMR,VIC,East Wimmera Health Service
143.352505539,-36.269238473,191,East Wimmera Health Service (Charlton),CHARLTON PUBLIC HOSPITAL,PUBLIC,4,LEARMONTH,STREET, ,4130,Buloke (S),CHARLTON,3525,LMR,VIC,East Wimmera Health Service
142.976400003,-36.366599998,192,East Wimmera Health Service (Donald),DONALD PUBLIC HOSPITAL,PUBLIC,1A,AITKEN,AVENUE, ,3190,Buloke (S),DONALD,3480,LMR,VIC,East Wimmera Health Service
143.2465,-36.6093999989999,193,East Wimmera Health Service (St Arnaud),ST ARNAUD PUBLIC HOSPITAL,PUBLIC,52,NORTH WESTERN,ROAD, ,2480,Northern Grampians (S),ST ARNAUD,3478,Gram,VIC,East Wimmera Health Service
143.234,-36.0786999979999,194,East Wimmera Health Service (Wycheproof),WYCHEPROOF PUBLIC HOSPITAL,PUBLIC,19,GRANDVIEW,STREET, ,1560,Buloke (S),WYCHEPROOF,3527,LMR,VIC,East Wimmera Health Service
144.748599999,-36.1381999989999,195,Echuca Regional Health,ECHUCA PUBLIC HOSPITAL,PUBLIC,226,SERVICE,STREET, ,2180,Campaspe (S),ECHUCA,3564,LMR,VIC,Echuca Regional Health
141.289099998,-37.0351999989999,196,Edenhope & District Hospital,EDENHOPE PUBLIC HOSPITAL,PUBLIC,124-134,ELIZABETH,STREET, ,3240,West Wimmera (S),EDENHOPE,3318,Gram,VIC,Edenhope & District Hospital
145.129299999,-38.1508999979999,197,Frankston Hospital,FRANKSTON PUBLIC HOSPITAL,PUBLIC,2,HASTINGS,ROAD, ,2220,Frankston (C),FRANKSTON,3199,SMR,VIC,Peninsula Health
145.828500003,-38.430399998,198,Gippsland Southern Health Service (Korumburra),KORUMBURRA PUBLIC HOSPITAL,PUBLIC,65-77,BRIDGE,STREET, ,2251,South Gippsland (S),KORUMBURRA,3950,Gipp,VIC,Gippsland Southern Health Service
145.950099997,-38.4873,199,Gippsland Southern Health Service (Leongatha),LEONGATHA PUBLIC HOSPITAL,PUBLIC,64,KOONWARRA,ROAD, ,2252,South Gippsland (S),LEONGATHA,3953,Gipp,VIC,Gippsland Southern Health Service
145.404200002,-36.363099999,200,Shepparton Hospital,GOULBURN VALLEY HEALTH,PUBLIC,2-48,GRAHAM,STREET, ,1121,Greater Shepparton (C),SHEPPARTON,3630,HUME,VIC,Goulburn Valley Health
145.225299999,-36.4393,201,Tatura Public Hospital,TATURA PUBLIC HOSPITAL,PUBLIC,64-68,PARK,STREET, ,1122,Greater Shepparton (C),TATURA,3616,HUME,VIC,Goulburn Valley Health
145.008500002,-36.587900001,202,Waranga Memorial Hospital,RUSHWORTH PUBLIC HOSPITAL,PUBLIC,14,COYLE,STREET, ,1123,Campaspe (S),RUSHWORTH,3612,LMR,VIC,Goulburn Valley Health
145.7161,-37.195300001,203,Alexandra District Hospital,ALEXANDRA PUBLIC HOSPITAL,PUBLIC,12,COOPER,STREET, ,3010,Murrindindi (S),ALEXANDRA,3714,HUME,VIC,Alexandra District Hospital
146.9661,-36.733,204,Alpine Health (Bright),BRIGHT PUBLIC HOSPITAL,PUBLIC,36-42,COBDEN,STREET, ,1882,Alpine (S),BRIGHT,3741,HUME,VIC,Alpine Health
147.1694,-36.7432999979999,205,Alpine Health (Mount Beauty),MOUNT BEAUTY PUBLIC HOSPITAL,PUBLIC,2-8,HOLLONDS,STREET, ,1883,Alpine (S),MOUNT BEAUTY,3699,HUME,VIC,Alpine Health
146.729099996,-36.5544,206,Alpine Health (Myrtleford),MYRTLEFORD PUBLIC HOSPITAL,PUBLIC,30-32,ODONNELL,AVENUE, ,1881,Alpine (S),MYRTLEFORD,3737,HUME,VIC,Alpine Health
145.313600004,-37.898699998,207,Angliss Hospital,ANGLISS PUBLIC HOSPITAL,PUBLIC,39,ALBERT,STREET, ,1590,Knox (C),UPPER FERNTREE GULLY,3156,EMR,VIC,Eastern Health
145.060400002,-37.7564999969999,208,Austin Hospital,AUSTIN PUBLIC HOSPITAL,PUBLIC,145,STUDLEY,ROAD, ,1031,Banyule (C),HEIDELBERG,3084,NWMR,VIC,Austin Health
145.047399998,-37.756099998,209,Heidelberg Repatriation Hospital,HEIDELBERG REPAT HOSPITAL,PUBLIC,300,WATERDALE,ROAD, ,1032,Banyule (C),HEIDELBERG HEIGHTS,3081,NWMR,VIC,Austin Health
147.608300001,-37.8317,210,Bairnsdale Regional Health Service,BAIRNSDALE PUBLIC HOSPITAL,PUBLIC,122,DAY,STREET, ,1040,East Gippsland (S),BAIRNSDALE,3875,Gipp,VIC,Bairnsdale Regional Health Service
143.847400003,-37.558699998,211,Ballarat Hospital,BALLARAT BASE PUBLIC HOSPITAL,PUBLIC,1,DRUMMOND,STREET,N,2010,Ballarat (C),BALLARAT CENTRAL,3350,Gram,VIC,Ballarat Health Services
143.841899998,-37.5639,212,"Queen Elizabeth Centre, The (Ballarat QEC)",QUEEN ELIZABETH - BALLARAT,PUBLIC,102,ASCOT,STREET,S,2070,Ballarat (C),BALLARAT CENTRAL,3350,Gram,VIC,Ballarat Health Services
144.365400001,-38.1512,213,University Hospital Geelong,GEELONG UNIVERSITY PUBLIC HOSPITAL,PUBLIC,272-322,RYRIE,STREET, ,2050,Greater Geelong (C),GEELONG,3220,BSW,VIC,Barwon Health
144.336,-38.1193,214,McKellar Centre (Geelong),GRACE MCKELLAR CENTRE,PUBLIC,45-99,BALLARAT,ROAD, ,3040,Greater Geelong (C),NORTH GEELONG,3215,BSW,VIC,Barwon Health
145.580899999,-38.608199998,215,Bass Coast Health,WONTHAGGI PUBLIC HOSPITAL,PUBLIC,235,GRAHAM,STREET, ,1670,Bass Coast (S),WONTHAGGI,3995,Gipp,VIC,Bass Coast Health
143.382200003,-37.430799997,216,Beaufort & Skipton Health Service (Beaufort),BEAUFORT PUBLIC HOSPITAL,PUBLIC,24-28,HAVELOCK,STREET, ,3120,Pyrenees (S),BEAUFORT,3373,Gram,VIC,Beaufort & Skipton Health Service
143.367600001,-37.6841999989999,217,Beaufort & Skipton Health Service (Skipton),SKIPTON PUBLIC HOSPITAL,PUBLIC,2,BLAKE,STREET, ,2230,Corangamite (S),SKIPTON,3361,BSW,VIC,Beaufort & Skipton Health Service
146.691399999,-36.3494999989999,218,Beechworth Health Service,BEECHWORTH PUBLIC HOSPITAL,PUBLIC,52,SYDNEY,ROAD, ,4460,Indigo (S),BEECHWORTH,3747,HUME,VIC,Beechworth Health Service
145.993500002,-36.554900001,219,Benalla Health,BENALLA PUBLIC HOSPITAL,PUBLIC,47-63,COSTER,STREET, ,4050,Benalla (RC),BENALLA,3672,HUME,VIC,Benalla Health
144.28,-36.751299999,220,Bendigo Health (Anne Caudle),BENDIGO PUBLIC HOSPITAL,PUBLIC,100A,BARNARD,STREET, ,1022,Greater Bendigo (C),BENDIGO,3550,LMR,VIC,Bendigo Health Care Group
144.282899998,-36.7487,221,"Bendigo Hospital, The",BENDIGO BASE PUBLIC HOSPITAL,PUBLIC,62,LUCAN,STREET, ,1021,Greater Bendigo (C),BENDIGO,3550,LMR,VIC,Bendigo Health Care Group
143.727300003,-36.112,222,Boort District Health,BOORT PUBLIC HOSPITAL,PUBLIC,31,KINIRY,STREET, ,3060,Loddon (S),BOORT,3537,LMR,VIC,Boort District Health
145.118365072,-37.8139121469999,223,Box Hill Hospital,BOX HILL PUBLIC HOSPITAL,PUBLIC,8,ARNOLD,STREET, ,1050,Whitehorse (C),BOX HILL,3128,EMR,VIC,Eastern Health
144.913400002,-37.6841999989999,224,Broadmeadows Health Service,BROADMEADOWS HEALTH SERVICE,PUBLIC,35-57,JOHNSTONE,STREET, ,2970,Hume (C),JACANA,3047,NWMR,VIC,Northern Health
145.054799996,-37.701099999,225,Bundoora Extended Care Centre,BUNDOORA EXTENDED CARE,PUBLIC,1231,PLENTY,ROAD, ,1090,Darebin (C),BUNDOORA,3083,NWMR,VIC,Northern Health
145.0132,-37.8967999989999,226,Calvary Health Care Bethlehem,CALVARY PUBLIC HOSPITAL,PUBLIC,476-482,KOOYONG,ROAD, ,3050,Glen Eira (C),CAULFIELD SOUTH,3162,SMR,VIC,Calvary Health Care Bethlehem
145.015799999,-37.805,227,Caritas Christi Hospice Ltd,CARITAS CHRISTI HOSPICE,PUBLIC,104,STUDLEY PARK,ROAD, ,2080,Boroondara (C),KEW,3101,EMR,VIC,St Vincents Health
145.347,-38.0450000009999,228,Casey Hospital,CASEY PUBLIC HOSPITAL,PUBLIC,62-70,KANGAN,DRIVE, ,3660,Casey (C),BERWICK,3806,SMR,VIC,Monash Health
141.392800003,-37.5903,229,Casterton Memorial Hospital,CASTERTON PUBLIC HOSPITAL,PUBLIC,63,RUSSELL,STREET, ,2090,Glenelg (S),CASTERTON,3311,BSW,VIC,Casterton Memorial Hospital
145.528800003,-37.6468999969999,230,Healesville and District Hospital,HEALESVILLE PUBLIC HOSPITAL,PUBLIC,377,MAROONDAH,HIGHWAY, ,3330,Yarra Ranges (S),HEALESVILLE,3777,EMR,VIC,Eastern Health
143.8917,-37.4206,231,Creswick District Hospital,CRESWICK PUBLIC HOSPITAL,PUBLIC,1,NAPIER,STREET, ,4162,Hepburn (S),CRESWICK,3363,Gram,VIC,Hepburn Health Service
144.145499996,-37.3376,232,Daylesford District Hospital,DAYLESFORD PUBLIC HOSPITAL,PUBLIC,15,HOSPITAL,STREET, ,4161,Hepburn (S),DAYLESFORD,3460,Gram,VIC,Hepburn Health Service
143.984200001,-38.2430999979999,233,Hesse Rural Health Service (Winchelsea),WINCHELSEA PUBLIC HOSPITAL,PUBLIC,8,GOSNEY,STREET, ,1500,Surf Coast (S),WINCHELSEA,3241,BSW,VIC,Hesse Rural Health Service
141.624600001,-38.137899998,234,Heywood Rural Health,HEYWOOD PUBLIC HOSPITAL,PUBLIC,21,BARCLAY,STREET, ,2350,Glenelg (S),HEYWOOD,3304,BSW,VIC,Heywood Rural Health
143.873400002,-36.572299997,235,Inglewood and Districts Health Service,INGLEWOOD PUBLIC HOSPITAL,PUBLIC,3,HOSPITAL,STREET, ,3370,Loddon (S),INGLEWOOD,3517,LMR,VIC,Inglewood & Districts Health Service
143.917599999,-35.724199998,236,Kerang District Health,KERANG PUBLIC HOSPITAL,PUBLIC,13-15,BURGOYNE,STREET, ,2240,Gannawarra (S),KERANG,3579,LMR,VIC,Kerang District Health
144.958099998,-37.3018000009999,237,Kilmore and District Hospital,KILMORE PUBLIC HOSPITAL,PUBLIC,1,ANDERSON,ROAD, ,3460,Mitchell (S),KILMORE,3764,HUME,VIC,"Kilmore & District Hospital, The"
145.079899997,-37.954399999,238,Kingston Centre,KINGSTON CENTRE HOSPITAL,PUBLIC,400,WARRIGAL,ROAD, ,2030,Kingston (C),HEATHERTON,3202,SMR,VIC,Monash Health
145.484949912,-38.201561671,239,Kooweerup Regional Health Service,KOO WEE RUP PUBLIC HOSPITAL,PUBLIC,215,ROSSITER,ROAD, ,1480,Cardinia (S),KOO WEE RUP,3981,SMR,VIC,Kooweerup Regional Health Service
145.0422,-36.3152999979999,240,Kyabram and District Health Services,KYABRAM PUBLIC HOSPITAL,PUBLIC,86-96,FENAUGHTY,STREET, ,1260,Campaspe (S),KYABRAM,3620,LMR,VIC,Kyabram & District Health Services
144.470100001,-37.2545,241,Kyneton District Health Service,KYNETON PUBLIC HOSPITAL,PUBLIC,7-25,CAROLINE CHISHOLM,DRIVE, ,1270,Macedon Ranges (S),KYNETON,3444,LMR,VIC,Kyneton District Health Service
146.4714,-38.2188,242,Latrobe Regional Hospital,LATROBE REGIONAL HOSPITAL,PUBLIC,10,VILLAGE,AVENUE, ,2440,Latrobe (C),TRARALGON,3844,Gipp,VIC,Latrobe Regional Hospital
143.980800003,-38.545499998,243,Lorne Community Hospital,LORNE PUBLIC HOSPITAL,PUBLIC,1,ALBERT,STREET, ,2550,Surf Coast (S),LORNE,3232,BSW,VIC,Lorne Community Hospital
144.064,-36.992699999,244,Maldon Hospital,MALDON PUBLIC HOSPITAL,PUBLIC,1,CHAPEL,STREET, ,2590,Mount Alexander (S),MALDON,3463,LMR,VIC,Maldon Hospital
142.313100002,-35.074499998,245,Mallee Track Health and Community Service (Ouyen),OUYEN PUBLIC HOSPITAL,PUBLIC,28,BRITT,STREET, ,2390,Mildura (RC),OUYEN,3490,LMR,VIC,Mallee Track Health & Community Service
142.880800001,-35.051,246,Robinvale District Health Services (Managatang),MANANGATANG PUBLIC HOSPITAL,PUBLIC,37-39,PIONEER,STREET, ,2660,Swan Hill (RC),MANANGATANG,3546,LMR,VIC,Robinvale District Health Services
146.086508352,-37.057604839,247,Mansfield District Hospital,MANSFIELD PUBLIC HOSPITAL,PUBLIC,51-53,HIGHETT,STREET, ,2670,Mansfield (S),MANSFIELD,3722,HUME,VIC,Mansfield District Hospital
145.255400002,-37.807,248,Maroondah Hospital,MAROONDAH PUBLIC HOSPITAL,PUBLIC,1-15,DAVEY,DRIVE, ,1210,Maroondah (C),RINGWOOD EAST,3135,EMR,VIC,Eastern Health
143.735200003,-36.8553999989999,249,Maryborough District Health Service (Dunolly),DUNOLLY PUBLIC HOSPITAL,PUBLIC,20,HAVELOCK,STREET, ,1352,Central Goldfields (S),DUNOLLY,3472,LMR,VIC,Maryborough District Health Service
143.738300004,-37.0450999989999,250,Maryborough District Health Service (Maryborough),MARYBOROUGH PUBLIC HOSPITAL,PUBLIC,75,CLARENDON,STREET, ,1351,Central Goldfields (S),MARYBOROUGH,3465,LMR,VIC,Maryborough District Health Service
144.709700004,-36.9261,251,Heathcote Health,HEATHCOTE PUBLIC HOSPITAL,PUBLIC,39-55,HOSPITAL,STREET, ,1340,Greater Bendigo (C),HEATHCOTE,3523,LMR,VIC,Heathcote Health
144.559,-37.686500001,252,Melton Health,MELTON WEST PUBLIC HOSPITAL,PUBLIC,195-209,BARRIES,ROAD, ,3680,Melton (S),MELTON WEST,3337,NWMR,VIC,Djerriwarrh Health Service
145.060900002,-37.756299998,253,Mercy Hospital for Women,MERCY WOMENS HOSPITAL,PUBLIC,163,STUDLEY,ROAD, ,1160,Banyule (C),HEIDELBERG,3084,NWMR,VIC,Mercy Public Hospitals Inc
142.142899998,-34.1854999989999,254,Mildura Base Hospital,MILDURA BASE PUBLIC HOSPITAL,PUBLIC,216-240,ONTARIO,AVENUE, ,2320,Mildura (RC),MILDURA,3500,LMR,VIC,Mildura Base Hospital
145.1224,-37.920499998,255,Monash Medical Centre (Clayton),MONASH MEDICAL - CLAYTON,PUBLIC,246,CLAYTON,ROAD, ,1170,Monash (C),CLAYTON,3168,EMR,VIC,Monash Health
145.063500002,-37.920899998,256,Monash Medical Centre (Moorabbin),MONASH MEDICAL - MOORABBIN,PUBLIC,823-865,CENTRE,ROAD, ,1220,Glen Eira (C),BENTLEIGH EAST,3165,SMR,VIC,Monash Health
142.2271,-38.381499998,257,Moyne Health Services (Port Fairy),PORT FAIRY PUBLIC HOSPITAL,PUBLIC,32,VILLIERS,STREET, ,2450,Moyne (S),PORT FAIRY,3284,BSW,VIC,Moyne Health Services
144.2121,-37.0525999989999,258,Castlemaine Health,CASTLEMAINE PUBLIC HOSPITAL,PUBLIC,142,CORNISH,STREET, ,5010,Mount Alexander (S),CASTLEMAINE,3450,LMR,VIC,Castlemaine Health
145.197700002,-36.0571999979999,259,Nathalia District Hospital,NATHALIA PUBLIC HOSPITAL,PUBLIC,36-44,MCDONELL,STREET, ,4010,Moira (S),NATHALIA,3638,HUME,VIC,Nathalia District Hospital
146.314300001,-36.354299999,260,Northeast Health Wangaratta,WANGARATTA BASE HOSPITAL,PUBLIC,35-47,GREEN,STREET, ,1150,Wangaratta (RC),WANGARATTA,3677,HUME,VIC,Northeast Health Wangaratta
145.443800002,-36.1,261,Numurkah District Health Service,NUMURKAH PUBLIC HOSPITAL,PUBLIC,2,KATAMATITE-NATHALIA,ROAD, ,3030,Moira (S),NUMURKAH,3636,HUME,VIC,Numurkah & District Health Service
145.061800003,-37.8163,262,O'Connell Family Centre,CANTERBURY PUBLIC HOSPITAL,PUBLIC,6,MONT ALBERT,ROAD, ,2100,Boroondara (C),CANTERBURY,3126,EMR,VIC,Mercy Health
147.597199999,-37.098099998,263,Omeo District Health,OMEO PUBLIC HOSPITAL,PUBLIC,10,EASTON,STREET, ,2040,East Gippsland (S),OMEO,3898,Gipp,VIC,Omeo District Health
148.465599999,-37.701699998,264,Orbost Regional Health,ORBOST PUBLIC HOSPITAL,PUBLIC,104,BOUNDARY,ROAD, ,5050,East Gippsland (S),ORBOST,3888,Gipp,VIC,Orbost Regional Health
143.6646,-38.753899998,265,Otway Health,APOLLO BAY PUBLIC HOSPITAL,PUBLIC,75,MCLACHLAN,STREET, ,2020,Colac-Otway (S),APOLLO BAY,3233,BSW,VIC,Otway Health
145.164,-37.8524,266,"Peter James Centre, The",PETER JAMES CENTRE,PUBLIC,321-345,BURWOOD,HIGHWAY, ,2120,Whitehorse (C),FOREST HILL,3131,EMR,VIC,Eastern Health
144.956633348,-37.799998548,267,Peter MacCallum Cancer Centre,PETER MACCALLUM CANCER INSTITUTE,PUBLIC,305,GRATTAN,STREET, ,1550,Melbourne (C),MELBOURNE,3000,NWMR,VIC,Peter MacCallum Cancer Centre
141.606200002,-38.3412000009999,268,Portland District Health,PORTLAND PUBLIC HOSPITAL,PUBLIC,141-151,BENTINCK,STREET, ,2460,Glenelg (S),PORTLAND,3305,BSW,VIC,Portland District Health
145.178300001,-37.972199998,269,"Queen Elizabeth Centre, The",QUEEN ELIZABETH - NOBLE PARK,PUBLIC,37-53,THOMAS,STREET, ,3110,Greater Dandenong (C),NOBLE PARK,3174,SMR,VIC,Queen Elizabeth Centre
142.782,-34.5844999989999,270,"Robinvale District Health Services, Robinvale",ROBINVALE PUBLIC HOSPITAL,PUBLIC,128-132,LATJE,ROAD, ,3130,Swan Hill (RC),ROBINVALE,3549,LMR,VIC,Robinvale District Health Services
144.697800003,-36.3665,271,Rochester and Elmore District Health Service,ROCHESTER PUBLIC HOSPITAL,PUBLIC,1,PASCOE,STREET, ,3140,Campaspe (S),ROCHESTER,3561,LMR,VIC,Rochester & Elmore District Health Service
144.884599998,-38.361900001,272,Rosebud Hospital,ROSEBUD PUBLIC HOSPITAL,PUBLIC,1527,POINT NEPEAN,ROAD, ,1250,Mornington Peninsula (S),CAPEL SOUND,3940,SMR,VIC,Peninsula Health
144.955899998,-37.7991999979999,273,Royal Melbourne Hospital,ROYAL MELBOURNE HOSPITAL,PUBLIC,300,GRATTAN,STREET, ,1334,Melbourne (C),PARKVILLE,3052,NWMR,VIC,Melbourne Health
144.948799998,-37.778299998,274,Royal Melbourne Hospital (Royal Park Campus),MELBOURNE EXTENDED CARE,PUBLIC,34-56,POPLAR,ROAD, ,1335,Melbourne (C),PARKVILLE,3052,NWMR,VIC,Melbourne Health
145.023800001,-37.7892999979999,275,Royal Talbot Rehabilitation Centre,ROYAL TALBOT REHABILITATION,PUBLIC,1,YARRA,BOULEVARD, ,3220,Boroondara (C),KEW,3101,EMR,VIC,Austin Health
142.366899997,-35.7325999989999,276,Rural Northwest Health (Hopetoun),HOPETOUN PUBLIC HOSPITAL,PUBLIC,12,MITCHELL,PLACE, ,1572,Yarriambiack (S),HOPETOUN,3396,Gram,VIC,Rural Northwest Health
142.382100001,-36.2527999979999,277,Rural Northwest Health (Warracknabeal),WARRACKNABEAL PUBLIC HOSPITAL,PUBLIC,18,DIMBOOLA,ROAD, ,1571,Yarriambiack (S),WARRACKNABEAL,3393,Gram,VIC,Rural Northwest Health
145.0185,-37.961,278,Sandringham & District Memorial Hospital,SANDRINGHAM PUBLIC HOSPITAL,PUBLIC,191-193,BLUFF,ROAD, ,1360,Bayside (C),SANDRINGHAM,3191,SMR,VIC,Alfred Health
145.138599999,-37.0185,279,Seymour Health,SEYMOUR PUBLIC HOSPITAL,PUBLIC,1,BRETONNEUX,STREET, ,2190,Mitchell (S),SEYMOUR,3660,HUME,VIC,Seymour District Memorial Hospital
146.206200004,-38.6587,280,South Gippsland Hospital (Foster),FOSTER PUBLIC HOSPITAL,PUBLIC,83,STATION,ROAD, ,4240,South Gippsland (S),FOSTER,3960,Gipp,VIC,South Gippsland Hospital
143.137900002,-38.2371,281,South West Healthcare (Camperdown),CAMPERDOWN PUBLIC HOSPITAL,PUBLIC,9,ROBINSON,STREET, ,3080,Corangamite (S),CAMPERDOWN,3260,BSW,VIC,South West Healthcare
142.472800001,-38.380399998,282,South West Healthcare (Warrnambool),WARRNAMBOOL PUBLIC HOSPITAL,PUBLIC,25,RYOT,STREET, ,2160,Warrnambool (C),WARRNAMBOOL,3280,BSW,VIC,South West Healthcare
145.053199999,-37.8091999989999,283,St George's Health Service (Aged Care),ST GEORGES HEALTH SERVICE,PUBLIC,283,COTHAM,ROAD, ,1700,Boroondara (C),KEW,3101,EMR,VIC,St Vincents Health
144.975100004,-37.8068,284,St Vincent's Hospital,ST VINCENTS PUBLIC HOSPITAL,PUBLIC,41,VICTORIA,PARADE, ,1450,Yarra (C),FITZROY,3065,NWMR,VIC,St Vincents Health
142.781400003,-37.0593999989999,285,Stawell Regional Health,STAWELL PUBLIC HOSPITAL,PUBLIC,27-29,SLOANE,STREET, ,2260,Northern Grampians (S),STAWELL,3380,Gram,VIC,Stawell Regional Health
144.816,-37.759899999,286,Sunshine Hospital,WESTERN HOSPITAL - SUNSHINE,PUBLIC,176-190,FURLONG,ROAD, ,1390,Brimbank (C),ST ALBANS,3021,NWMR,VIC,Western Health
143.556599997,-35.340599998,287,Swan Hill District Health (Swan Hill),SWAN HILL PUBLIC HOSPITAL,PUBLIC,50-54,SPLATT,STREET, ,1491,Swan Hill (RC),SWAN HILL,3585,LMR,VIC,Swan Hill District Health
147.183899998,-36.213799998,288,Tallangatta Health Service,TALLANGATTA PUBLIC HOSPITAL,PUBLIC,25,BARREE,STREET, ,1290,Towong (S),TALLANGATTA,3700,HUME,VIC,Tallangatta Health Service
142.902400002,-38.2393999989999,289,Terang and Mortlake Health Service (Terang),TERANG PUBLIC HOSPITAL,PUBLIC,13,AUSTIN,AVENUE, ,3350,Corangamite (S),TERANG,3264,BSW,VIC,Terang & Mortlake Health Service
144.982100002,-37.845600001,290,The Alfred,ALFRED PUBLIC HOSPITAL,PUBLIC,55,COMMERCIAL,ROAD, ,1010,Melbourne (C),MELBOURNE,3004,NWMR,VIC,Alfred Health
145.015100003,-37.6526000009999,291,The Northern Hospital,NORTHERN PUBLIC HOSPITAL,PUBLIC,185,COOPER,STREET, ,1280,Whittlesea (C),EPPING,3076,NWMR,VIC,Northern Health
144.948899999,-37.7939999979999,292,"Royal Children's Hospital, The",ROYAL CHILDRENS HOSPITAL,PUBLIC,50,FLEMINGTON,ROAD, ,1191,Melbourne (C),PARKVILLE,3052,NWMR,VIC,Royal Childrens Hospital
144.976099998,-37.8088,293,Royal Victorian Eye and Ear Hospital,ROYAL VIC EYE AND EAR,PUBLIC,32,GISBORNE,STREET, ,1240,Melbourne (C),EAST MELBOURNE,3002,NWMR,VIC,Royal Victorian Eye & Ear Hospital
144.955172189,-37.799156991,294,"Royal Women's Hospital, The",ROYAL WOMENS PUBLIC HOSPITAL,PUBLIC,20,FLEMINGTON,ROAD, ,1230,Melbourne (C),PARKVILLE,3052,NWMR,VIC,Royal Womens Hospital
142.976599999,-38.4864999979999,295,Timboon and District Healthcare Service,TIMBOON PUBLIC HOSPITAL,PUBLIC,21,HOSPITAL,ROAD, ,2360,Corangamite (S),TIMBOON,3268,BSW,VIC,Timboon & District Healthcare Service
144.887599997,-37.797400001,296,Tweddle Child and Family Health Service,TWEDDLE CHILD FAMILY HOSPITAL,PUBLIC,49-71,ADELAIDE,STREET, ,1900,Maribyrnong (C),FOOTSCRAY,3011,NWMR,VIC,Tweddle Child & Family Health Centre
147.9032,-36.1988000009999,297,Upper Murray Health and Community Services (Corryong),CORRYONG PUBLIC HOSPITAL,PUBLIC,16-20,KIELL,STREET, ,2150,Towong (S),CORRYONG,3707,HUME,VIC,Upper Murray Health & Community Services
145.2262,-37.8482,298,Wantirna Health,WANTIRNA PUBLIC HOSPITAL,PUBLIC,251,MOUNTAIN,HIGHWAY, ,2330,Knox (C),WANTIRNA,3152,EMR,VIC,Eastern Health
144.699199997,-37.885799999,299,Mercy Public Hospitals Inc (Werribee),WERRIBEE MERCY HOSPITAL,PUBLIC,300-310,PRINCES,HIGHWAY, ,1320,Wyndham (C),WERRIBEE,3030,NWMR,VIC,Mercy Public Hospitals Inc
145.927500002,-38.1728,300,West Gippsland Healthcare Group (Warragul),WARRAGUL PUBLIC HOSPITAL,PUBLIC,41,LANDSBOROUGH,STREET, ,1580,Baw Baw (S),WARRAGUL,3820,Gipp,VIC,West Gippsland Healthcare Group
141.984399996,-36.1409,301,West Wimmera Health Service (Jeparit),JEPARIT PUBLIC HOSPITAL,PUBLIC,2,CHARLES,STREET, ,2373,Hindmarsh (S),JEPARIT,3423,Gram,VIC,West Wimmera Health Service
141.246,-36.3814999969999,302,West Wimmera Health Service (Kaniva),KANIVA PUBLIC HOSPITAL,PUBLIC,1-7,ROACHE,STREET, ,2372,West Wimmera (S),KANIVA,3419,Gram,VIC,West Wimmera Health Service
141.656099998,-36.3339,303,West Wimmera Health Service (Nhill),NHILL PUBLIC HOSPITAL,PUBLIC,51,NELSON,STREET, ,2371,Hindmarsh (S),NHILL,3418,Gram,VIC,West Wimmera Health Service
141.995099999,-35.9041,304,West Wimmera Health Service (Rainbow),RAINBOW PUBLIC HOSPITAL,PUBLIC,2,SWINBOURNE,AVENUE, ,2374,Hindmarsh (S),RAINBOW,3424,Gram,VIC,West Wimmera Health Service
142.030100003,-37.7373000009999,305,Hamilton Base Hospital,HAMILTON BASE PUBLIC HOSPITAL,PUBLIC,20,FOSTER,STREET, ,1071,Southern Grampians (S),HAMILTON,3300,BSW,VIC,Western District Health Service
142.282499999,-37.877199999,306,Penshurst & District Memorial Hospital,PENSHURST PUBLIC HOSPITAL,PUBLIC,146,COBB,STREET, ,1072,Southern Grampians (S),PENSHURST,3289,BSW,VIC,Western District Health Service
141.692500003,-37.5998000009999,307,Western District Health Service (Coleraine),COLERAINE PUBLIC HOSPITAL,PUBLIC,71,MCLEOD,STREET, ,2140,Southern Grampians (S),COLERAINE,3315,BSW,VIC,Western District Health Service
144.887400001,-37.792399998,308,Western Hospital (Footscray),WESTERN HOSPITAL - FOOTSCRAY,PUBLIC,160,GORDON,STREET, ,1180,Maribyrnong (C),FOOTSCRAY,3011,NWMR,VIC,Western Health
144.892800003,-37.8636,309,Williamstown Hospital,WILLIAMSTOWN PUBLIC HOSPITAL,PUBLIC,76A,RAILWAY,CRESCENT, ,1460,Hobsons Bay (C),WILLIAMSTOWN,3016,NWMR,VIC,Western Health
142.0242,-36.4497000009999,310,Wimmera Base Hospital (Dimboola),DIMBOOLA PUBLIC HOSPITAL,PUBLIC,32,ANDERSON,STREET, ,3180,Hindmarsh (S),DIMBOOLA,3414,Gram,VIC,Wimmera Health Care Group
142.209200003,-36.711899999,311,Wimmera Base Hospital (Horsham),HORSHAM PUBLIC HOSPITAL,PUBLIC,83,BAILLIE,STREET, ,2170,Horsham (RC),HORSHAM,3400,Gram,VIC,Wimmera Health Care Group
146.879500001,-36.131799999,312,Albury Wodonga Health (Wodonga),WODONGA PUBLIC HOSPITAL,PUBLIC,53-81,VERMONT,STREET, ,1660,Wodonga (RC),WODONGA,3690,HUME,VIC,Albury Wodonga Health
146.678099997,-38.557100001,313,Yarram and District Health Service,YARRAM PUBLIC HOSPITAL,PUBLIC,85-91,COMMERCIAL,ROAD, ,1770,Wellington (S),YARRAM,3971,Gipp,VIC,Yarram & District Health Service
146.006832704,-36.0111980469999,314,Yarrawonga Health,YARRAWONGA PUBLIC HOSPITAL,PUBLIC,33,PIPER,STREET, ,1780,Moira (S),YARRAWONGA,3730,HUME,VIC,Yarrawonga District Health Service
145.431299999,-37.213899999,315,Yea and District Memorial Hospital,YEA PUBLIC HOSPITAL,PUBLIC,45,STATION,STREET, ,3590,Murrindindi (S),YEA,3717,HUME,VIC,Yea & District Memorial Hospital
145.351400003,-37.7565999989999,316,Yarra Ranges Health,LILYDALE PUBLIC HOSPITAL,PUBLIC,25,MARKET,STREET, ,3690,Yarra Ranges (S),LILYDALE,3140,EMR,VIC,Eastern Health
145.149599999,-38.1728,317,Golf Links Road Rehabilitation Centre,MOUNT ELIZA REHAB - FRANKSTON,PUBLIC,125,GOLF LINKS,ROAD, ,4083,Frankston (C),FRANKSTON,3199,SMR,VIC,Peninsula Health
145.041599996,-38.230099998,318,The Mornington Centre,MOUNT ELIZA REHAB - MORNINGTON,PUBLIC,24,SEPARATION,STREET, ,4084,Mornington Peninsula (S),MORNINGTON,3931,SMR,VIC,Peninsula Health
144.732699997,-37.577199998,319,Sunbury Day Hospital,SUNBURY PUBLIC HOSPITAL,PUBLIC,7,MACEDON,STREET, ,2700,Hume (C),SUNBURY,3429,NWMR,VIC,Western Health
146.9397,-36.078499998,320,Albury Wodonga Health (Albury),ALBURY BASE PUBLIC HOSPITAL,PUBLIC,201,BORELLA,ROAD, ,1650,Albury (C),EAST ALBURY (NSW),2640, ,NSW,Albury Wodonga Health
142.857699997,-35.5005,321,Mallee Track Health & Community Service (Sea Lake),SEA LAKE AND DISTRICT HOSPITAL,PUBLIC,33-43,MCCLELLAND,AVENUE, ,7270,Buloke (S),SEA LAKE,3533,LMR,VIC,Mallee Track Health & Community Service
144.887100004,-37.7910999979999,322,Orygen Inpatient Unit,ORYGEN YOUTH HEALTH,PUBLIC,10,MAVIS,STREET, ,1332,Maribyrnong (C),FOOTSCRAY,3011,NWMR,VIC,Melbourne Health
145.0185,-37.961,323,Women's Sandringham,SANDRINGHAM WOMENS,PUBLIC,191-193,BLUFF,ROAD, ,1232,Bayside (C),SANDRINGHAM,3191,SMR,VIC,Royal Womens Hospital
144.8869764,-37.7916217279999,324,Ursula Frayne Centre,URSULA FRAYNE CENTRE,PUBLIC,160,GORDON,STREET, ,1321,Maribyrnong (C),FOOTSCRAY,3011,NWMR,VIC,Mercy Public Hospitals Inc
144.977380192,-37.8118725909999,325,Eye and Ear on the Park,EYE AND EAR ON THE PARK,PUBLIC,2,ST ANDREWS,PLACE, ,1240,Melbourne (C),EAST MELBOURNE,3002,NWMR,VIC,Royal Victorian Eye & Ear Hospital
